Wallet Address,HeuristicScore,GroundTruthCluster
0x68bba2a2fa5a53fbd59f38bb61af8c523599770c,-5,1
0x26e547a9f3fd90e49a9a85a91001ca3f7ba2c81d,3,3
0x0a54c9c8336dfe9860152422df40b0255ab4a411,5,4
0xd23b2ca9f8f0c724ae6435359bd2c950502886b4,-6,1
0x981c36712c522663892f0969cd095d3603f348b2,0,1
0x04cc610cbd3120f6993d05ba35282311dd058dd2,5,4
0x9eb0fcfe1f73354c1a60ba4976841af29777f197,14,0
0xdddf042067c809f38e0939a76ca20d945d756c6c,3,3
0xb98d3062d2607fcd1e5f7f0fa71ef334920ce933,5,4
0xacb69081c5cce35c1f5eb5a840d1b82f845f749b,5,4
0x8aa4505cb234cf82170e4c27e4e9b1022b5544fb,5,4
0x06a1ae96416fe1ac781de1648e80d5073cd5b868,5,4
0xeedc178e4ad2fe7cebfba111bff11e8e0ad106ad,-2,1
0x2815befd30667543ca2f48f1fe31923851de971c,5,4
0x05a7e512bf4c58129119fd9918fe8be778ec4bbc,-1,1
0x29f37db226277d3119b2ea83a087a56e05920fce,14,0
0xced3fc4610761f79242d7d8a72fe86f3a1c626b4,2,3
0x1d5c600db72bc46d066505683f476637c5b8024e,14,0
0xbe99c27a4cbd746f249957a5d908bf64eb06e618,14,0
0xc42f15c2f12333717350d7660a18e986fd510f2e,5,4
0x91fb1ab0d8d4c6c02e53d488f4c15a3717f3fec0,5,4
0x01949bdd9f1485cfd915e58118df0efd3b478e8e,14,0
0xa2e046e18b99b368c3e0f17835e9f1bc37e0960a,5,4
0x53fb8d49717a66bfff5334c94bdf27d5fcdabfc8,5,4
0xd5035827ad8c7a554b9383b6d276b9c608af5d08,5,4
0xaa1a1befba7e2df4ebaf0d210d5f05ae1f6fd87a,5,4
0xfde2bc2005a23e7b85ab791093a3e9551d4f99bb,5,4
0xac28ff7de2dfe6d2087ebf1bccd6f98642847a58,5,4
0x9a34bcb207807608aadfca9570a0978d5bc28025,5,4
0xaddc0c9f6ad8cebdc75e98b41d42c9863049198f,-5,1
0xeb20e24d0a04dabc5c5f917767ce68278facfdab,14,0
0x84adc9e8395d95f246ba2667e40cdecb0a5ca816,2,3
0x5542db5a5076b90e27934046e3e8faf75beb4638,12,0
0x13241502c7bbf394ab55959926ba67224930245e,5,4
0x6f24f1049fede7ee2cbf785767b0101c96efaca0,-2,1
0xadf29199657563532991d2985a4be37e9725ccaa,14,0
0xc6ee985ae713493e9d83e15e01ab87fa010c7387,5,4
0x937be27f9155f6bd38f7a23828171ff529ea607d,14,0
0x29ae898f540d404f3bfc8bcc2177b10a12311d1c,0,1
0x4e8bd3f9f280021adfda1ac446958c12cf13d4a7,-3,1
0x75068fa078ad6570af588c73e66a43e021b57462,14,0
0x0f922a15561dbad53b8f6ed25be18897e7c5c5ea,-6,1
0x51a93fe2d844e1df7a9299e68517e222efebcbfa,5,4
0x05a9b4185184705b89fc75513e4ae4ba1466e061,2,3
0x82f0884654e0e478e0393c2940fb05a22fb7d27c,14,0
0xf6222916bc8b70a8134f1953f8a661d0a030717d,5,4
0x8c16a957c776f8275c5887cdc070e0ef7022fb49,-4,1
0x67701e71f9412af1bcb2d77897f40139b6ccc073,5,4
0x9ee2588c8d06b3b69e58e640bc55ed00217587d3,3,3
0xfabd6204ea9af2eb2580cf1a62a153632ded843e,14,0
0x98f7b83511ae5477981fd5b7715dbb9355e14b66,5,4
0xc12501fb61cdb7168102389921bca89ab704c862,14,0
0x5b393dadb71f2066d8c0803cbd2ceec5835bdffc,5,4
0x858f5d11489fd108527f1220a6d5291f8228f00c,14,0
0xfa76ffd3d5e03b0acf84a57e9b57a4d186f18ec2,14,0
0xd3afc3aecece1d0f1436fcf102642cacf5b330ef,5,4
0xd782fc1ba0b64c6d20df5e967b378f6ce80c4373,5,4
0x9f92249e0ab0cee486fc38674f508730559ec6dd,2,3
0xf5843ce00b91728b255703c1c00548494eafb29c,14,0
0x91feaeaf87894f951691d32cd469fbd0c2e6f320,5,4
0x9a5e4b8563563ab30a1c12d4cd2b888b09ce002d,5,4
0xfeb70205c8ad867f0a22f1027fce836900736bf8,14,0
0x03ab15de3350091dbd7c12e78e33f00ad5f034b8,5,4
0x7eba99cb662c780c93a84732a6dbe2d207fc284d,5,4
0x874aeebe06c367540216d4ac62fa0535b28ba176,5,4
0x13ebb2dae1046628250056342b1e62023875fc3a,5,4
0xce4963570782dc0bc9bdbad684bb1d89e07dc96b,5,4
0x1740b4ba2d28abaff5921b30c0f668edf3835c8c,5,4
0xc78b842ad53dcd8f8d6d92300d467f4c1e4583fc,5,4
0xd9bd26ff058417a25a1bcdf77734819508f19f5d,5,4
0x96bf123d73b15687b9a0871728e8818a5b4682e4,5,4
0x1a79efc7c26f2d833f4af137c02f704e6b5de095,2,3
0x08d954a5c9cfaf91aa649e11ee22bccab48a7ff6,5,4
0xfed8555bde8def739bec596a1b6309185c4096f5,5,4
0x53322d1cf14ba0adbf38c0a895e45acf2dc6aedf,5,4
0x8d1a6c970e46d7fecc8228547a5a259dc24f012a,5,4
0xb2e7b9efcbeec9929fe8dc79a50ec9ec0fa21443,5,4
0x35fea7f23ad7722d00f2e2a10f388c8ad08e106c,3,3
0x890290135b5c787d616ae3d772f35ab6447434cd,5,4
0xb08979f3806e2139000d9dd657e4f58af6b4ca79,5,4
0x2bd96245df9c5cae76c007d895bf22185512e9a8,5,4
0xca537915f4b4d1dad0a07a2bdb679e0076817c28,5,4
0xaa0c3d6fd25aa2c23aed2659197ef39aea306172,-4,1
0xba0d2f9e8e2374f022a71d887f908d4d25f1de9d,14,0
0xbb6d6246c82587253c52f258229ace2e379b30a0,1,1
0x364662c98f048da9484665175dda0823d7fc0e30,5,4
0xd730cd62cda9cfdc109be2d819b0337fafdca959,9,2
0xb25e9d0b79c6d3097dc27039e39a41a4cb2c87ad,5,4
0x1b6fd9e9226b768be4fd88af1a77ddd7a9b303b5,5,4
0xfff57ed154cc864ebd4c865b36adf4c6aaeda4bf,5,4
0x61967689749d19de31f451d23a6618c9eba94cd3,3,3
0x306dcf5aa0f2372b78bbdcd3437b2509f599b66b,5,4
0xf76176a853dbc35d1ef1530d5c708fcbfebb002a,5,4
0x0c276035eaad71046e45b592b9ced95c865d1fae,5,4
0x1ce73ccf7f72316aa903487f0528b223cd8b3db1,14,0
0xbad24aadc1b3f2da787180ef8fd8a410f87dccfb,5,4
0xb4924cb5709a45df58565f37229948f30fe8add7,5,4
0xf6b8d0db6eb2ac0d7215b08b34ccf13971d59561,5,4
0x8bc2b003e8172791ff8c0afc4915f9a5688a1173,5,4
0xc85793b756ccf04f2bdfed1fc3a551cad8dd340e,5,4
0x2ffe136ff9f005b71c35ad4cd67fa8643f706538,5,4
0xbae8b5cbd9b39ed764321c36926d190e5e4d2880,12,0
0x534d4e82ea7eca7f62c3fdf6d39a541be95bf951,5,4
0x9712c160925403a9458bfc6bbd7d8a1e694c984a,-2,1
0x0dfd172b4d908ddac1da2bf5b474adcee836c9e0,5,4
0x042b85d132241b43e4a34c8342ae6cf9e2055aef,5,4
0x56cf0ff00fd6cfb23ce964c6338b228b0fa76640,5,4
0xdac168364712f0ee1fbd41936e8872050b44e177,5,4
0x9aec931268365ab47685d4add66dd4c11ba0ac3d,-4,1
0x46a07d82e74da5f6b8a733a5788dd5426685e0a4,5,4
0x0da95935760caafb7443a1d2c558d5bd6a2ac144,5,4
0x11b992b08e260b2b267d261fc71f32dca3db67d5,-2,1
0x3900e118c8febddf4429981f5932cc6e377b719a,5,4
0x2e8aa0113e406fc7dc78c392f4e6762c6513f3b5,5,4
0xfdf4f68b4a9dc244213d03b8951c8babccf503d1,5,4
0x5e8111773003d050ef08ce55188748ab1671f280,5,4
0x33a2b65eec9e9783231d31bda0005f15ad148304,5,4
0x61ab2065ae29976c9de4aa86b874771d64477bc3,5,4
0x3de35dd7e06db926285c37c6c4700d7e5814576a,5,4
0xfd9a6cd1670fe8eb4012d8abb9cdf25741a6ff04,5,4
0x7a68f1a49230da49ba7bac5ddb6f5a4ab8d7bb21,5,4
0x88bf0b6148b2202f6de043e794936c57066e7f4a,14,0
0x47497b287bf3ee6f7f8ee3e1f146bcf6fd69faac,5,4
0xe422eaf91fc1236671670477fca3e004882fdb8f,5,4
0xa1616482c1f7b160becaff282b4cc4c9f0a996c0,5,4
0x630daeb3f561a58475205f5730335c13de507b4e,12,0
0x294838bf456f741213b9233b129460f27ad23fe0,5,4
0x9516bdb5fa00d93043d58a8b1a504a1e0a8d09ca,-3,1
0x11f81413698454949a0b0c879183bfef9b9c291c,5,4
0x66a7ee56ea6d3b644fca72a7e1901bbd3aefc1da,5,4
0x8479961d1a96150b2c92a3c22ec8305cfefcdddb,5,4
0x24ab8855b14fabf6a6c692f56170a79d62998e28,5,4
0xa0d88b9893bd936cd404f70444844344f3c153ff,5,4
0x873d971a86df6af66d310485f516f947eb9057f7,5,4
0xe7c4f9d4fae48c332cd39d952cc37a21c5f2d5e0,5,4
0x9e9c84b0a8c2d8ea1be3f7b4464e57901c02849c,5,4
0x4f3867fd52f03ce59808cc846620cf2dc3c7410e,5,4
0x4b2763ed451505ee12989933511b22a638c64059,5,4
0x39b6653e59d666c4d7443ea311749c3c56b40c3e,5,4
0x5257eaeb6e409df48cc873ec7d54355334a4b8e4,8,2
0xa90f7862282f72169ad99efe65f45a5a21a30a84,-6,1
0x0d114ea3960de0121a98be817893dbd7eb4d5759,5,4
0xe642cfc737e424d37f8c12cd5b95ab8e2f7b062b,5,4
0x422b2a7bccaf626e5a36f3bf9ad394f6569236a0,5,4
0xf8f019ceeb5d130af3c0b28ca4db617716af3254,0,1
0xcd8e25d8348a3d1160c1436a83088b3d397a1c57,5,4
0x0e0ec712b3912b5601216455a158cf18152cb62a,5,4
0xd141b580f28a2b33b1e7eadb27f0b63bbc32e9c4,5,4
0xbc67056a164a349e86c75aa2c3ee9c3a49e3b18f,5,4
0xd8eb4e84df59b4688fc2cbbab2754481eb24e5f4,5,4
0x56ca9ae061055159291c3ce71b9038266b77558c,5,4
0x2f73dfdb84ea09d07a205297b4a68f93d6685c82,14,0
0xe7f7a241c2d7f68077ccc714eddd8fca25be9816,5,4
0x03da237d58074dbfb80e5e4ebbe15e007acaaa8f,5,4
0x91f009eda4812a36820980f0b6f2de5ec9083dbf,14,0
0xe97968cd95b25032e6a538c7708f09f3ec37813b,-7,1
0x5294505fd9f3f78bf5c74b7ccb9a28dffaede8aa,5,4
0xb6462b67fe692223dffb61c8dc8ad080cba180cc,5,4
0xfaf6ed6aa81f6101ffdb493b24b47315a7a9f8ad,5,4
0xde47e99d982b2c1f6c9ace3b20095b5e54ce4aa8,3,3
0x8ee8bec88c2e2b6d1c464f856f90ea9ea5dba947,5,4
0x75f70a5bcc20a71a12f4587d0d2e690c4fcb0235,5,4
0x302bda91b5d0a0207932dec1bfea283b5ac2014c,5,4
0x9a4338dff0c995c4e8b225586edbeb8979e019b4,14,0
0xee64f1c66a7a10112bf50690c61337d0cf1dba9a,5,4
0xc469ecb73159b88957965758002bbe1807532814,5,4
0x9f0ced321991c7ebafb5b881716a393f8ca51ffa,5,4
0x19b0a3bffaeceff6ce61f9e6cd4a521474156cb6,5,4
0xe773d14bd98d0eb3415b2d4da57cbd5910fc98af,-6,1
0xfe60c7a90be3706fc595ebab79aadf83ffddd80a,-2,1
0xd526afc20df28651a8c61d746734ccaf848b46ac,5,4
0x63750e29d8ed02716ef588e7aeb242ebaa2f82ab,0,1
0x94e132685882a84336f97ccdc114a40a0582ff56,5,4
0x023024a2471817d43c80a6d6ebce522e7150c64c,5,4
0x92802daf4f2dd7edb7942118b8265c8f8e694f2b,5,4
0x8b0476ae2a464304834fdee78454c00e5684ea75,5,4
0xebff9b75461fd07b1d0b614ddef1b5af6e512b68,5,4
0x1ce995a82249ec19a4ce817afcb4d3c111329f6f,5,4
0xb0a8773b892a15f88e87babe269eb7afddb7639c,5,4
0x54df84884b1afc440c661f3f6dd82c8c0987395c,5,4
0x52c4dd1bc3c17cb1a773442c0b5a07c9dc18863f,14,0
0xfbb004a472f12ad510fa3d06e87833b977356a13,5,4
0x8a24c2aef06d22aa8307cc9ce37ff7cfba5fccae,5,4
0xf9cb2124e95418c0e135771acbddc2d60d7df6ea,3,3
0x8044cc911ec5d1f9ff0bad7834973095c3de9ebb,2,3
0x91102931ee2459cbcd7b990d12934a93b7b72eec,5,4
0x04caf56067fed0cb0959428fa641edb681fcdf43,14,0
0x43a3e6fb51e321a79816ca8795de7a1d8af589be,5,4
0x78b34338a8864f5f72bcf6c7933aeb905b3a5d6c,5,4
0x2d5e6b0d2190bbede05c40b5dae339ad0f9bcbdd,5,4
0xc9b7411fd802bdfa055cfd469d1aecac2ac64394,5,4
0x906b89c8b896ac490879dc1b1d4d62ff0f7cecf6,-6,1
0x1d8f9a84dda0d25372d7a1b529519ebf748387a2,5,4
0x615b18387cfaa002baaf8234aa38000e7804fe9b,5,4
0x6be6ae3556ff7d9e1cb1d4decf4e4fd06f75fa4d,5,4
0xf333a3dc19fc2e0950e07820395bd745176f5aad,5,4
	0x610e0e3cad27d748a063d84cf222f58ec084f3b7,5,4
0x251be17c9e160212160e171a04739bf3712983a2,5,4
0xca020e947c409498c50c9a7e8c0aad4e1a246597,-2,1
0xf5dc303a0517bb65170e1f2313af46915582b52d,5,4
0x87a80424a201e9ad8190b255289dcfe603cc3b40,5,4
0x9df11fd2971ebd0d342d5f3e250a18bb7e6cfa3d,5,4
0x52758c5ee04f92dad5c11fd770ec9f4de050dda6,5,4
0xbdcb484b4900f094cfd785fd25a151c68a4dc5e5,3,3
0xeb3fcc21305d0d9bfe1aed628967533c41a9179f,5,4
0xf9473bd9dadae5ec927d02a85614da036ae2145e,0,1
0xe389b7f43dc6f382309abf2b5fd5e629703f9696,5,4
0x439c2485336645a722ddb906cdc5e6e015f14ee5,-3,1
0x11992efdd36087dae6de4413c47dc79a2f8e61af,14,0
0xbc4b13f646dad875ec4fb581ca899e6a3e812679,14,0
0x6502499186806b8e564d9ceb807de5715563832d,5,4
0x747cee0e037a92dac77f17264fce55e844d00dd1,5,4
0xb4608f6dad01f4bb87b0631601fc9caed60935fb,14,0
0xcc7558dd256b71b97a59fee8a7a514556151a3b0,2,3
0x26a5630d3995867a52b379215446b39d0c994b08,5,4
0xcc35551f58653a834b86e400613613856143616f,5,4
0x1cd662eb62a068d8058e391049e1876692a7bdcf,5,4
0xd247c57c425a31f1ecd2b2a532a7e17c0cc97b6c,14,0
0x5517f407685269d0d5a2b8ab2d78137f4caee41d,5,4
0xbe1d6c8138acb629877eecedcb04efd3cfbc078e,12,0
0x87916d0aa39f520662e09b960d8172624147ebd6,-2,1
0x1210f57578eb2c4c35598bf091b778556b573482,5,4
0x26de3f640f3cd30c488fe2b57d7704d8285f4070,5,4
0x07ef70d138dcc6cc0c08642d0f27922b5a6cc0f8,5,4
0x610e0e3cad27d748a063d84cf222f58ec084f3b7,5,4
0xc9acc823268696d7f3de358ef02736e7375c6b30,5,4
0x6fadd9f392228c97b1112b37ebc01fc3dbbedce0,5,4
0x225c63381cb487f64aa1fc37a59baa3228d6d4ef,2,3
0xefb564f5623978f68ff3546b0769ed564a9058ec,5,4
0x5f37baa1799f3612cc131f281e63b90349e59e20,5,4
0xd49f9d2309d4167cd25cd6bb14cdce6e55b33ffe,5,4
0x2e75a80aa8c32cab4f278a29bb1fdbd1861d8e8e,5,4
0x52a1181f2546eaf6c74b50b7ff33fb830f1263a6,5,4
0xf6a9882ecd1ad24dd4e5904344228f1ba408a82a,5,4
0x2e7638abad4329c154bdf3d33d28ddc56f47136b,5,4
0xa98792be8278c7ad623af1cd0d60f8eef3497bd2,5,4
0x4c316d7a3a11091a13c0b8e664a706ecf76a6099,5,4
0xfa74faed0edcbc0e20889f6b19f2b8bf38bdc3e8,5,4
0x7b0abfb9321c105e14e579e6478750c69024af10,5,4
0xeff48147fb695301f571fa4f7355cb6453308d09,5,4
0xc08456398f9447f8d1dc32577ef073298d85e8a6,-1,1
0x2ff09dcf5f70c87802993c472146b0f0c08b76d9,-6,1
0x53ca6680073444ff372b9dd1374181046c4b37ff,14,0
0x5f9146b91e25f7ea745ed19922b6df2f323a2d21,5,4
0xfff6b41a29881fc97bd6e8778529b1e37597d94a,12,0
0x4719fbccd9b2f0a5fbb1056e628e26868568fc66,-8,1
0x1b2e6c79a0b9a1f19234d45d9a8db9ee57bc0b14,3,3
0x4ea2e991af94444e07d9e535aa4d341ed64989ba,5,4
0x12ec2db504936f335767d805860bc8489ccc2f31,14,0
0x9f4b7b574b86b0ecea1c906f8f410633253969d8,5,4
0xe1e3699917dcf44ef84f24e0855e3bc90b40d7ad,14,0
0x57bfc86f6eb112e56de848af0bd400dc8d075477,14,0
0xeee26e1057f7c8aacd416eb36673ea2f3ea003b9,-6,1
0x24ecd23096fcf03a15ee8a6fe63f24345cc4ba46,5,4
0xe53772334a824b2be75111236ff9f6dddbe1fa77,5,4
0x1ef71660aa4cd44b9ed634c4d4159ca50a16a216,5,4
0x32371b71a4691f55ccb4f5a84939e9bc80d3ebe0,14,0
0x0de0100e62aae424a4d5b1f9330aff879a9b7e38,5,4
0x60c88c2fab35c8bfa1286db52e1ad34e5cb879ef,5,4
0x59a861ee824ffd087ca6f5a77ab98f7cd93e521f,5,4
0xd883d3c52494992f9dfed7426ea23b7c8c15692b,0,1
0xf308f12896bea70795ed88a9327829ceae8178f6,14,0
0x853d6ea1fbf29e574d1928cfeffc94baa48291dd,5,4
0x05c9faea386b488d860519742172461864beb868,5,4
0x894707182eb10d5175594360f90c84325b4bef10,14,0
0x432fcd67815d5cc72808a7815a02373fdee7d740,5,4
0x6a37b41b990d2c5fcafe798c4815e1852597bc0b,5,4
0x5108898b1ae62a0968efb40fd8562c1685df3f3f,5,4
0xcd2a74398ad1cef7e07779b0b1794d31ad6df053,5,4
0x50550c1c3d28d0dbe8882507ea58cca59c221d25,5,4
0xd7e9e63add311a05277eabc5071c1f4ac3995e9f,5,4
0xb223632c0c23e6a149aef12abb768d1706773c53,5,4
0x443fa692d0fde1d26d4ddefaafe0e7c3076e34ba,11,2
0x0f3bdf3a3a2825500be5852c1f6f539b1a1872b8,8,2
0x9cd1f3d64c78b6193a73004439a6b9fdd3444f73,5,4
0x613160eb6c74f8b579eb333121312e7647e147ee,5,4
0xf614ddc260c8e72efd5aec92e3a4e3ecc4c2a116,14,0
0x64f8ef34ac5dc26410f2a1a0e2b4641189040231,9,2
0x8080c4b509ec4c7fb4e8d284060fd988271e86d5,5,4
0x3e0e3a214a32de2087359ed182b99c03908815d7,0,1
0xe4a15c56295720b4e559580265958746b3f05762,-2,1
0x0bdff9e194f12c40c0fdfc21efb18c0540c2e503,5,4
0x19cdadf14b7f509b3014922089514c80ea4d00f7,-4,1
0x02ef4ec6d74736aa2924bcad0701573990a7a61e,14,0
0x45a14223d2567da1ca9ba1ba9253cc4e69f6eb17,0,1
0xca0b30dc502298fe6384e50f4d7eb685b39eebfc,5,4
0x378bcce7235d53bbc3774bff8559191f06e6818e,1,1
0xf5dfbc1d50751455034c18c45e04de96868d6025,5,4
0xa6bbe30dcb87ebb095f4f7b418ac5075bb5b0ac4,5,4
0xfa5107a4c8c1ec1c9c793a2b8af4d5b71b8bbb31,5,4
0xebe862fe2e16d500fa7af2c2053cc8434a76abe8,5,4
0x2741048b5497e1dd3d76fb76422808c8d9281b99,5,4
0x32f8549a8c881f1d8a54fc8760221d6f133b7a0d,5,4
0x33185331da6d69c3fe3e75a5d0ae1b54aedc735a,5,4
0xfa8bcd6b7881fe357d1b862da095007007f2648a,3,3
0x5d51c626d2ca9f801ac2949486c10f7e15f03792,5,4
0x66083a250cb99fd0dc221dfd3c7a99ebf5627c84,-1,1
0xa769ca6891c7bdda6e7e26410110422f86c6abf0,5,4
0x3023e8db2fd0350e11d297b71a2f1af869db5e6b,5,4
0xa52131202dc0fbea46596278efa0537327fab665,5,4
0x41bc2973b9c29a7aa2ea46e322d33e0fc6086b0c,14,0
0xfd81b27d9796a1ba7d7171ea70010c9befb2a62a,-4,1
0x0ba4181d63506f67ffa085ab64dcc16ab26603fa,5,4
0x0b3aafb31f1758be98bcf9c5411e72dd731ec475,5,4
0xe3496f6d31db544971a959cf776b3fbacf8a8559,5,4
0xc6d252fe5624d7656bed08dc7c7e507af390100e,12,0
0xecedc274db060b5811b8e708ee6c5882ac6b0ef4,-3,1
0x645c7eda69cc5a76d93003a5faf0f16d95ee331c,12,0
0x5f389707fc094f5daaff685ba8e47ee56e31f51f,9,2
0x91e0d146484f691df906a92944b0090d403ae434,10,2
0x73a4be671efef8ec442fb71c88a618cc4717a9f2,5,4
0x670c58b1829d9545a2b55156dff766b4dab9afad,5,4
0xddfff0646276353e1ddfda1579a773a414a072d9,-2,1
0x7cf15bbef79cd6e9c6d9ef0347cac1f3ffad35ce,5,4
0x8f869b65718e8cf557f4f2191a0775149f8c24e6,5,4
0x6ffd9e62782e5d5f69f16fcad6c04638b03adb10,5,4
0xf8d1c9ab49219f7acf7b1d84705e5aea3b8ce0aa,5,4
0xd3b0d395914d0bff15281489160823dafa63dd68,5,4
0x34372b6fe88573130a5f9c6d80ad4318e750457d,5,4
0x67c57fcd0a428803b4b3adebe4650030aa791ce0,5,4
0x5acaaeea43cab414bb5c4639540295c54c762eee,14,0
0xec1ecb3710d158f4f45f0f412d6de2ec42b51fc9,5,4
0x74aa8463874aebb1ae29be8f8ba1adc322a9402d,5,4
0x98812d42808165c95f6b1ffda3bca478d2d4d5a2,5,4
0x585be6b73e1644e057c9bc2e29b83dd66a948b5a,-2,1
0xbdc6780956c97cac7a4afc3460fd1b01775779b4,5,4
0x94f76877898f6386603c1d5cd57be89bc737b3ab,5,4
0x54e4be7066374cc8d7bb3e3734914e9ef3ac7f80,5,4
0xdf15de038e7c8f93af1212ac57eca6f45b48c093,5,4
0x24390ce57883670134451d5e3c62ac9e19c21ef7,14,0
0xb8801101eed80511c6bd3e5e3ad91d734595cb5a,5,4
0x2488f2fdda66d9ab8f3efe5ef74829f67c383e2c,5,4
0x0537cb8d4629e82c7adb6599588c93530d662bb8,5,4
0xb9e8e3135b87a55e25febc411d2450ea63476bc6,5,4
0x1ab1fee9de86a13028f4e4d21f218d3071de8c89,5,4
0xc476267c64c2a0f383fb14ce77ecef555071dd36,5,4
0x02de68357262b3148d1c7ccb1b3016e3581436d8,5,4
0x5463f57fd26565953d51ea791e36b06070dc67a9,5,4
0xbbfd801f715b921fce683e874001d59a403a06a8,14,0
0xce92c0ab1ff0339c56e45f4b6d05e0b7c17394be,5,4
0x6b590b516a9f1f9245193634c310f2f23769939a,5,4
0x042dc5e8d63a155860788c6f8cdde53a91d78c1f,4,3
0x7f488f18243e881e0350b6bced04823f28f3cfe0,5,4
0xd11c25af01d25e5ff28a6a5760db795dafbb3d9d,-2,1
0xa1ae28aaaec5b01eadb37d97304164a3be161d06,5,4
0xd332ade19050476a4446bdc03e574255154aaf0d,5,4
0xf48996ad514460442495a2481fc85573058f6f0f,-1,1
0x3d8d6cc0ef7859bdcf863bae5f2bb38390b87cd0,5,4
0x21358e98cd11793356642a0a1be4c167204487e3,5,4
0x31402feea22662d694c35d0171e050c54301729f,5,4
0x5776066abe21baf25b02977fab8b9c607eaa4357,14,0
0x006e369b800f3e6dcecb6c532f67f91726561a79,5,4
0x95fc66395fa1b331ba7891e57c8e0e99494735b5,14,0
0x8303ed784364e6289e7824b4bf3d357b333a2ecc,5,4
0xd9a6f535a7b124cad44515c2630952cf9bc27a76,5,4
0xa50f6a7f5e1295931931253b7cb4f75a228d67ed,5,4
0x56d7d1aae92fb33504bff00c172749c04c9c8614,5,4
0x8b1c464c581e3b4aae2ab2ac6c2d64e5db9af35d,5,4
0x641eb5a70734244421cf8c576538a0b4d617d333,5,4
0xd24150723802481fa2206b6b96f6960f9a7301b0,5,4
0x9d7f5b1e74e14654ecd6e13a50807b244de5367f,-6,1
0x11a0f7449c4e1cb3200bc63ce4e75f4859205230,14,0
0x1fc34e786af1a9582ef2b8f5239c117a684c52d3,5,4
0x7824b383df694ee0cae49e48858f105d54b297bb,5,4
0x49ce96480a7f2ae25db58eefca38167177bc93ec,5,4
0x802acffca63c873d252e26b3fa50d2f0368c2309,14,0
0x4334703b0b74e2045926f82f4158a103fce1df4f,-7,1
0x42993e6fcb336e4dc3ba998342de87900bac0d19,5,4
0xa02c5aa7df8fb9429811a0ca6a13faa38c64ede6,5,4
0x9918171c68a17a339ee77a57ccf2217115285523,5,4
0x386c17273db8bd5560ff6a18004a30c31ad5270e,5,4
0x0b01f89de5be760fb874daa9307eef0a562d02a7,14,0
0x7c73e4cf9a8925eb3d8b456824f55d9d4037a0f0,5,4
0x1bb858214375b160b8d29aa89df7c5a15856910e,5,4
0xe4727db0d9ef3ca11b9d177c2e92f63b512993a5,14,0
0x53ddb284b547c5794ead9293c02899667afb2d47,-4,1
0x1b648ade1ef219c87987cd60eba069a7faf1621f,-6,1
0xf19968c7705bfa0e0060b1dbce2f621d5b6a6d5d,5,4
0xc581330a9d00dfa7e00e986bb8f7c7781da8bbe8,-2,1
0xf5d3831cf43992aee396265dbb2012c2e854f423,5,4
0x1086518a840268ceb2a8b9ab25b976c3d3793933,5,4
0x1e7f09bc8e2ff4140be6ec5f64b085e327947729,0,1
0x47faab8981d71b124cae986df1a541f70c423ed7,5,4
0x02478ab8366e2c1f59311389a8e3cb2a4d7effb0,0,1
0x2852ba6bbcca289372472e911616cc3a55812948,0,1
0xb58105c90babf55950a405b67d6d5c7df1cf6a7e,5,4
0x7c7cac2fa834c18bdf22fb90dd9490f4fc6cd369,5,4
0xc80ce263a4434d576fa6d5e35e1be81750b1ae84,5,4
0x9735466681199cf2346e8011ec7e70d8810d5d4c,14,0
0xcbb151dd2cd748f81dce1410e2e77612e5f7ae91,5,4
0x50a9dbe5249525cf612fe24de78e57d8e7970805,5,4
0x577d6f16aabe0c30d8b4f2df8c0bf24628abee6d,-1,1
0x9e4bbd0df9cbe77090b0487f37ec9b0e1ec0d48a,5,4
0x3070f20f86fda706ac380f5060d256028a46ec29,5,4
0x3197ac39562865765786d52b945692e419651dda,5,4
0xd298dbd40c2f26c8378f34b1d4f71a2a72a7ca77,5,4
0x31176d8911d60bbeadd2721990591c2b88798362,12,0
0x4ebb59392544232f24aff4bcd4b31ea61d2561f7,5,4
0x6286b9f080d27f860f6b4bb0226f8ef06cc9f2fc,11,2
0xabc50084cf930a31e60f625ff4a27bcf9896fb8b,3,3
0x1c92225527cc7aaecc8da024932aaad3fcf39ee1,-3,1
0x6b6d1ef1fc25e6298428d2a671c96c8d1b09abc7,5,4
0x012662215992e3c864ba138a67ffe540c64c35ce,5,4
0x88e6bd3f9c5027d5aa42ed057af285d82ec65357,12,0
0x1b0f34a297e5ed96fe12139b10dd934f9216cee4,5,4
0x47b99272c4aaed1fb296050c9ceae856ab5ef5c7,5,4
0xb0f094c9e85a0ee7b89214a3a67efbc131022cc0,-6,1
0x7d334b2636bbad0c9c8d7d3853f993c1e7272135,5,4
0x63f8010c3fc523aacb856e9f84c0bbaa3f96f4e6,5,4
0xd0dff56c52cc7630828eb9f8494e0bfb28f11e9e,14,0
0x1653d24fb032f44bdfd95788ae443b817f8835ae,5,4
0x691578efa958fad9d6ee813e14ff0373eb34ae1d,-2,1
0x7833d456e033dc72bf43a6dc792645f7193f6c03,10,2
0xa20ea526a2b2e2471a43cb981d613feeef27c9af,1,1
0x26491ed413e73d5c9e94c8e926bc2755e1759c58,5,4
0xe1063fa58952fa22b17852910fc88ce46909d197,14,0
0x81227aedf5f7d4fa81d247087ee5b1efd7e9974f,5,4
0x9a030e757cd53abab7f542abfbc04a5504fb238e,5,4
0x00c763ea9716c173b7406e926e84ce6394976f29,5,4
0xc7ef92f2efc83e6e36721b512e0e7c9d16412b9b,5,4
0xced29ba48490c51e4348e654c313ac97762beccc,5,4
0x323f8f59c49155add345d5219c8c776664125eaa,0,1
0xb8b674e4b4e5eaa1b2e3ff8e50530a45bf9a02db,5,4
0xfc9b0cf1167bb7f95388d3dc3e426cbe465b46df,5,4
0x61f599d4026c550bbd5aead61b74e9951487cc3e,5,4
0x57e61a64d21afe3837028b5783bd7332436e2c7b,5,4
0x17b4005a344ee5eb6feb9769a889436d30312a94,5,4
0xd20f3bb4f6a83734331120ea18f285b65e6c0cf2,14,0
0xd71af0c27052ba519481bdff5398f2a85066b37a,5,4
0x8bf7dfe87749937ba53c1d13622f82592e1bb90a,5,4
0x661d04cb9389df28b070d2b113af85e4a31b7b91,5,4
0x6e0453e3d6286f3dab542059ce4ddb18a8bfe0f3,2,3
0x4560157e94a52eb6d15a28872aed82e830beb291,5,4
0x00a289b6e0be27dd5144750db66fb9e6f1973693,5,4
0x5929b404b43e49a2ebbd6afde45294598d4fdd29,5,4
0xac7e9fa3c3f5e5b1dd2ef6e6b7190ae7a66e0e05,5,4
0xb824073a88be57d81249587a95cfdfdc2352fb7c,5,4
0x964124f9371d11f95c4873266f4560919d8bce46,5,4
0x9999918a1f51ca6f13ab5433c6c6af9670b33999,5,4
0x12760d8ee7850391e32f8aeec9f0ab113985957a,5,4
0x065963df68ab6f33aa9470f333b83661aa060f20,5,4
0x6d5c44a8c83cc7aa5e98a6980ccae40466e864a3,5,4
0x6eacd6940e8a9acbf699d660c98fceb2df5e0023,5,4
0xc42cd475d22226afa7f11ea403334963bb27250b,14,0
0x7e0bed47bf81ae705a1b6e787bcd87a9ffd14435,5,4
0xfa4fc4ec2f81a4897743c5b4f45907c02ce06199,-4,1
0xc04aa49a24ca82ee5c048f275aee6e9f74bd141d,5,4
0x3314bb875eb5a5ad475cb21422b8c61a2de7f043,5,4
0xa77c17bf499d0230bc0c023341ce6770e606afcc,5,4
0xea78dcc02af9ee6b0ce34811a6fc010ba768f11a,3,3
0xb5454a01d5f31db9aa6cc3e62965cdac6e573c36,5,4
0xbb67bce8d0e63082a5a349b35439f14c167e08f6,5,4
0x62a99498ca1dcc2cd8341e95a113601b9b003d42,5,4
0xbffbb3e776e024e84d2a00c13e561d5a14015fdf,-5,1
0xef281136777c83a2b488011dd59417f2948dad23,5,4
0xf30134e7261356146fa7b30fb2c2d4a77bea5767,5,4
0xfa9500e9d287adb722bd8c5103265a6f4f4f0d6d,5,4
0xc20cf68819d851d10e0835fb58f46f10d82542b0,-1,1
0x905a7e3ddfb7dbf6ecb49711fdce36075f608bcf,5,4
0xd27576a568e4b04f563faef6b9a2c00ed17da4da,5,4
0x0b6489d1f8dd708f07a0767be6d75deb21ad2fe6,5,4
0xa84099f99618920e34da42e247fbfa0f87ecd4f4,-2,1
0x4e48d40245eb5777a91da3e7c2df55ff34ab8cda,5,4
0xb0b0f6f13a5158eb67724282f586a552e75b5728,14,0
0xd24e9fa048f2f32f962f93dfb6ab0a93e32619c3,5,4
0x060be16f8cba43fa144e08d2a43c79b7f543a896,5,4
0x6024467ad673aecc106e9bbe384e017b98ee9acf,5,4
0x70a99c4127620129d0ca30827e0fc9b75ec2891b,5,4
0xafb15e4f247ea0ba77ec8a4039607e9d9b5cbf0a,5,4
0xc4697db242fc03b8f173c793fa6181403b9d8120,3,3
0x8804cbc97947637b9187ccdca9efa2314ef83f1a,5,4
0x25db03d4e0bc02e16a072c4ec9b7a1256f215715,5,4
0x00a7775340b72f7de4eeb605958bd2bca81d00ea,5,4
0xb31be5b88a3c5d9e62ba6c85b96845d536075c6b,0,1
0x83cf864857d8f877c2fe0c4fa1af5934471cf66f,5,4
0xbe36a671695f2915584be556891a0828a031d3e1,5,4
0xd1628b0e9bcc74c72a6c277c7f2cd9412d75c991,5,4
0x0b21e48e4be79e4423e94c6333d2418723abf3b4,5,4
0x3ab9dc749e4490004419759427f8d5521ce30e60,14,0
0xbbee22da1e888e2dcc1879f89c7de2eb362ac0ed,5,4
0x41cd25db3ffbfd87640b926323743f0748dd6d47,5,4
0x1a089ff30f770ed77e821ea379cc23a3c0612f42,5,4
0xbea8d6691dccaa75a0689234e42c52c96615d107,5,4
0xd3ebc8f8807e20204e7af89fb629aa7f45d52217,-4,1
0x0d69bf20a4a00cbebc569e4bef27a78dcb4c0880,-3,1
0xd547a123413d4c84d0ff136f884c7a0a3bb41bdb,5,4
0x76e11d16493af421e77ba9db30fe99fc74e7a46a,14,0
0xf9627a028309452472c1977e9dca8d6d8c57edff,5,4
0xd2efc72ea0ae33a5a6bb98763cca121922350582,2,3
0x878a64fb62fa91178d53c7cd58f2d7198cb82986,14,0
0x3bf563c6662aaa5c3481b4e52d52ba5c83d51822,5,4
0x99e999de754ffce53959133763080dab08abe1c7,5,4
0x394bd1e6eb2053d7bb5a6be8de14fe1ba8df3b14,5,4
0x7a75706b6a55126b9ef22c96caf4a432b15c03e3,0,1
0x31899763517abf9b984f1f9758b54859d508de2d,14,0
0x5d95baebb8412ad827287240a5c281e3bb30d27e,1,1
0x2bb2ec7926604bdd0a4a56c89fcd04f8b9d3196e,5,4
0x385802026a6fc069d5d88386c261feef28e70377,-6,1
0x1150cfa0058ee5bee77c5408a0aac8d480a55888,5,4
0xef9c8a34dd61fcd0e070f1bd14eaa94be473ae86,5,4
0xb0b411d53ed195ea0ebac253513c6fd9221b1891,5,4
0xae7b43956a375d3989771852d3951142675584ea,5,4
0xa98b9c3e0967d4ac290ab3787aa35469ea9aada2,5,4
0x82400a4231949d666e3ad51ad55cf62dd106d690,14,0
0xfe35fe423b448d0868129a0f1e6cc066181da44f,5,4
0x1b0c14b60a4948907ec3111c511f9e022c379810,14,0
0xe4e34d4fb658fe229c39ade0517b2128d196c036,15,0
0x70022cd235bbc86e6575a8309e7c2b7307854a68,14,0
0x36714e3d03c8b916d1fc1f371b93b3fe53fa7270,5,4
0x8e3acb14d499b8d95dea06dc83add65b64eb3bcc,14,0
0x67ded980836fc398994390a087835dcede3002b0,-2,1
0x817876c4a07ec5cd3c6c944b667be4ef5c188195,5,4
0x6cbf6d29c40fd13536f2ae44b9157c79cb6b42a0,5,4
0x42e8e7446b01a8b907adccd0094012199592870b,5,4
0x486a8ea2f230cad06153a56cd3625e46171ad06b,5,4
0xe629d73b655d5c5307a2b1d7439fa6c5b48b710f,5,4
0x7deccab465826a76d451961ac82624ff7c718fe9,5,4
0xdcc4c00ed7ddce1b078b7e67d10a2aea80883210,5,4
0x305e5d785eb274832a68745fda66a70b1ad2c635,5,4
0x2d9175e103416245300976c558cad256a6d9361a,5,4
0xb573691e1d43a14750e3295f9746b1512e9cd393,5,4
0xd0b53c43d3e0b58909c38487aa0c3af7dfa2d8c0,1,1
0x98447bbf7951fae5ecdb51177f8babed1ea4066e,5,4
0xa2ab5208207b516a1c88cccd02de67c90cace0e5,1,1
0x4f83da6e718e9a0d790c11470d8cdd219b6b04bd,14,0
0xd7fa1dfe80a99adf00de00d8de5dc6d7167112c9,5,4
0x1b42997fced69beda59754f15b8a54cf7e7b9d5b,5,4
0x1b6b38b18b19979ad76bdcd1e9b47ff93ef597ec,0,1
0x033693f3017b35655b2e87dc1193d2b30b464fae,5,4
0x53a4358644572c39bd88e15f4eaf4a54f86e6639,5,4
0x861fbb19287ed2ac3efda31a4add660c5f19e10c,5,4
0xa76b6a7aa1b4501e6edcb29898e1ce4b9784e81c,-7,1
0x3279f3ea1c60ae2977f8ca2202ad5e1b50abde2e,5,4
0x205121f2e874e4ef9920b9b4737e12b1d4c361b1,5,4
0x8d0172e88bd400884708318bac77bc69f76ae082,12,0
0x01dfd5c55c5be8c01b4087fab7823be39637e1de,5,4
0x9983f5278da02a5e0db51a921cbd8e419183ca32,-1,1
0x33e4ba8ba4e808a149768404d7e997e223cda043,5,4
0x336c82e4f54e1a6a3adb1fb115c9a6ef3a2b2b11,5,4
0xe62d373c76a03def88de22d815721e70150aced5,5,4
0x138ef61dea8517309677bcc6cce2051d4adb3fcf,5,4
0x9a5c6927d2d84ae52b9f81fd71e7da38b6d2c1c8,5,4
0x07513635363202a01a612722af50edd17c7c7c7a,5,4
0x8fa2fe65e405b8dd41b8d12ec220623db8bc0aa9,5,4
0x11a2481e5a24e226763155ddad8112f3125b68cb,-1,1
0x8adf134f3905aa0ec51c0ccf13dbbfdc0034d691,5,4
0x43c146f15f353a7204eaaa61b7128bbc38a74405,5,4
0x1babc907460e3ec5cd38f2dbc8555bddeabcc49b,2,3
0x066698733c806e507065bd144c5183633a0ef52b,5,4
0x402f8bcead7333d59ce432936c55c83feacdb65e,-2,1
0x2a0ebbfaa963dede3c8044248d445d4cac527f6d,-2,1
0x024899f1b2e7c3cfc5e3db7f54ecc284fd775d29,5,4
0x0c7e379caf876fe5a1b1a0cad9fd19975d62f331,5,4
0xafbecfce30c3f02ded70edec3513e86063e58211,14,0
0xef83a287ded45962997584174ddb2c68dc215e3b,14,0
0x17ad4e76e67e9937a2b2ef882e4042dd00cc60f7,5,4
0x799d99103868cda7422995acceb36df2ca646a38,5,4
0xddbb711b026e26827cb4433b6d1ed836c1e169bb,5,4
0x34bc46230fa410fea8a8a796ac03cfa57cd262ed,-2,1
0x99145a004124d0a4d590a229bf77c3117ac2007e,5,4
0xaefee970c6e382085f2504d17930754cfb26f79f,-1,1
0x92ef66b12c0512f5e7f5e121b2026914ee217169,14,0
0x10f69553c7b482536155cdc8d904ae833ed55f98,5,4
0x053a1cafb1903de593736f896cca47bd62738073,5,4
0xbaa7e71b75ecb5474e277771e3f55a2a25c41517,5,4
0x9e23377907f47516ba2cd0668e3c8373b0445508,5,4
0xb020f9da2f939656565ef5493f8ab17dc99e617e,11,2
0x915c1602d0a96d4b3d489573512afa79dcd2e9a9,14,0
0x31c5d97822b449105795c93311066d6f8ff0f609,5,4
0x64c4dc144119c794bb92fde8c04ea6bd095b7ba8,5,4
0xd294b8df756952eb43e3b0da4f8efac4a785666d,2,3
0xa25a7086a507c8934c53d3d8e3c9c88b6c7f0e51,3,3
0x950f7e2f5f731f20728a7107168f4f1fb68a6cfc,0,1
0xb7ed6657854c30d6c1b87aaff0d7dc3d950401e7,5,4
0x76d1f636c01f81fce81814ab0530515ce1095afa,5,4
0x4857d1c4b89a046f834fd9f271b0a82f5159889b,0,1
0x7810be156f8a76733e67da61e668b2c66159e7c0,5,4
0xed3c75ecf2917a3eb9dafd966e6def4253c13416,5,4
0xec1f475a904d5adea475c3141a723e775ba4fe5a,5,4
0x1b4b0216c1d76b1a99945bed336e7e60fcca630a,5,4
0x83510da65779f164155e6f476e079ed7e117e813,5,4
0x706c65980a4279f9b3646fd2c8fc8590889ad82f,5,4
0x3d95cdeae254abbb0681e16fde8ec4953eb29be9,14,0
0xa8924e91fd292831a81ab1cfa0d0baa5a4c5dd18,12,0
0x863ceb51e1722985be511b0aa80d17236d6b5998,5,4
0xd49f4f1c226ffa02a282ec4289c26ddae5b71169,5,4
0x8722b334dc8709eafd69043d4d1ba75d10860de2,-1,1
0x3e62431aa65964019485c129bc532d40700ef106,-3,1
0x3a95ac31729140d6ac25c80b90eceec9b929eb9e,5,4
0x42908773603bb69db2020e5c0d105be9c773ae4d,5,4
0x14ec09845ffd720d923d4ff47ade5735c3c96908,5,4
0xb781f150db98b853557fe9d35533601ebb994996,5,4
0xd3a248c258d7fe0a64366e77b9b0292c84cb6104,5,4
0x3355e0147b7c3715200f9b29ac4d3b078b9aacb1,5,4
0x09c7f94311e7fc24572c74764662ede027f46f66,5,4
0xdb1655ffc2a395f073b7b543561bd3809d81d988,5,4
0xdf0081f2855f4d9d19a53ee44c3a0a016d7fd58a,3,3
0xc66efccb88b3b7bde6fc476d8cf139dd38075ad7,14,0
0x8b4eda0bc6e05615196237225b3dc1d1b08aa158,-4,1
 0x872cae62b78a13508291e8bfdbb019749073bc6f,5,4
0xfc6396cd3c616b9ecedecb54c6e0944d8a71c64d,0,1
0x913cd0d72ab91aed14fb73828648640d01bd194f,5,4
0xcc9407c2422b068f93d8f74468ab1e6231fec3cf,14,0
0xd2157d35a4d4fdb649baed389142d903e20de95c,5,4
0x209383219959cef6763015af0b394164ac526564,5,4
0x3daaae073d0ae430ffea8578f0877f58e4fb1346,5,4
0x5baaae2c74869268c6fcef3d4be1bd8bb9724e57,14,0
0x4fd31d12cc17f125cc77c7759804dce0ce7d092f,5,4
0x9daf16ab4b6f356962110a3f7c3641e44a80a152,5,4
0xdd10bb110fa74e46c637705ef8f508bb34a11164,14,0
0x9244a6dabcf28c22b0a4284f8f9b8012b8a706c2,14,0
0xcb91c6dede41865f288672ec7f80bfe1e2d39040,-4,1
0xbbfe209e92cb9a00f866ed8c7273d3e6e3b8f7c8,5,4
0xcaf187c45e18c0dad3aaa98603d96bfe605c3ac7,5,4
0x62cfc0b2552c6eec3bb7d5fa541dad250645ceb2,-2,1
0x7a4914e210b7449970a6f26936ff29bcf254c774,5,4
0x872cae62b78a13508291e8bfdbb019749073bc6f,5,4
0x6bec4827fe2fec85910ae2cfa8fa34a6f9833025,14,0
0xaeab800614b1c6d5ad9797ecf0ae6ebd37fbe93a,1,1
0x14375a4779baab28c207405d11db80f7b6e0530a,5,4
0xde51ec5d10484a21ec0b9d7c60d76a95977da29f,14,0
0xaed876b40c9309c3bd10c9a9351f67f28463fb25,5,4
0xd0a35a818af6504522e4f10a57b3318be65aafdd,-2,1
0x6d42888c06864a4dcef855e5840c1d0e4c7db8cb,5,4
0xb0449ec1a8a60f95322617d6ed52e1ba1a7beb49,-6,1
0xc699bd7ef896055e72df6021809cd2576bcda821,5,4
0xf05429e37f787d6a94dfb88e844f6a4b29d23ee5,-2,1
0x535163ba9d4bb7fb510ecf66eb890f2816b6b8b6,5,4
0xc7e639fb1367b4e49fe4054b5db4fa35236ad3b7,5,4
0x755612a6b9d23c38d301705daaaec6de576b3389,5,4
0xe2729f8a5f1d4943b59c515a80237fa744d93cde,5,4
0x93000a651d8d4184c23a3d3f23f63f6915017926,5,4
0x3ce1eaf33f72b3a9bc49008fa790a0c30690696e,12,0
0x39c31a899662da8bba43862c82c8ba531dc61390,8,2
0xd87de515c5272f16bbd007356e697faa35e78af5,5,4
0xefdd9a85e4bb37e37bc834901bd3c631c9539d54,5,4
0x6d40dadd19c2b014314d24a5a6c55265207eab76,5,4
0xcafc7414af086621afc571f4b0f71252302e6d68,5,4
0x00265241fc289789f3477c0445146641f9ce328f,5,4
0xaf291a391d235f830f87132678bbcb536ae67e15,-4,1
0xf896632b01c3c9792a40a25807449c9670533f8f,-4,1
0x3a5b79c404f7bdc67e8d27e19068cf7103b0b7b7,0,1
0x1687524bec472501b57ad03d45194cb062a273e2,5,4
0x029019d6e9f625421d184d0b7567316681852484,5,4
0x0634c51db15c9b0f97c04002a50b71d68e163ac5,-6,1
0xf48a4c7c928a0774e7aa594ce634db1960cf6865,0,1
0xdc598aa0516cfb8c91602c4174b9a4c794dc238d,5,4
0x5b477fa1efb46379b2505389d9f2932d610a35ef,5,4
0x57a5d9a8b26aa887cc4314c06bb69ec538e44dc5,0,1
0x8c04e889dcc9373734d8ae39324cd9bdb4f14614,5,4
0xecf32af0ad7c0220a832a1242c2fb874d3131124,5,4
0xf849f4774e46bb8b3faa9c4e704b5f724cba87e2,5,4
0x3af077300bbfbdd697e74b07c761bbcf18ea1971,-4,1
0x02f73f558e2f038a98072dc39848f9f693f8664d,-4,1
0x43a230d4492d680d08455a211a05e791c70b382b,5,4
0xc06102db0bfd17bf99f27a493a8b77eb65393ff7,12,0
0x942b439c033b8a1d74d9df7f4a4e2d937941c537,14,0
0xaaae3414cb05595014dcfb310ad1c39c30c650f2,-1,1
0x5e50def3267025162e1198da3541479ef4a25b28,5,4
0x3ab4ff4cb04b9e77f83ac7e74ab6f9ffa95c4c09,-2,1
0x1e2934a104fbc18b4426a7aa95d0ba4455a45946,5,4
0x566b81ff4641516dcc982054c00ba19354a2d827,14,0
0x16af3cecc7947b1036c13f70c3de3c75e6e4ea6f,14,0
0x10e8ac15e9dbb1cabe6cd027fd693d8f04587ccb,-2,1
0x8f058ddca29c54ef3534e7a01eb5c130f8bf224d,5,4
0xe2fd595f1cc9a3350d6b13a57a48e1342657d8d6,14,0
0xdb79b27827ee73082685e8098b9ef6dfc4837aee,5,4
0xfcb01354e18ca1cc0eee89ca3459ef84daa2e0b6,14,0
0x6623286612d38e38587e3d4a10558cd9996600c3,5,4
0x18f9fe75be0f6f81433591ac1b2c313bc54acf9f,5,4
0x08d2c744fd60f2dca8c1885d3aa03ff6d3fa5d11,-2,1
0xd4cea40761cab3b05bba3a7c2cd3124c5faea53b,5,4
0x67ef6802d4595844c9bb634d3480d3ef2c3eb950,5,4
0xc5b686bf8c6a070da19753919fe68af892830769,7,4
0x559a80f2a0ada55156bb95770f4d2fdb6cf8d23f,5,4
0x21db3c3bcca6454d0663e4c41f1d8d9ba9190fcf,5,4
0x0140ef253b3756fa832b2ae5970d33c8b2c5afe6,7,4
0xb74f69ef985f2ec8c552507c712b8b0911be8348,5,4
0xf60f53a3b1e144d4d07da3810fe8f20b45adcbf1,5,4
0xfdcf9b06851253a67ecbb0c47893f3a8f1caf434,-2,1
0x63458fb697d5195b0c2c13f1271c71f564884772,-3,1
0x98d0532224dd92b3c7371372382de1182e46018c,14,0
0x59396258b790aa6bce931090d505eadd03aa743a,5,4
0x304c161c3a71fbe5867022648fbc7d9aa994a02d,14,0
0x54dc8b21ba507ab6c98b4c99b6ee58a912a55e89,5,4
0x799fdb02e49c5b77fddb4b271adf11bf42dca586,1,1
0x4c59a83627505b313393a9a9b86b15129375afc0,-2,1
0x4f03745d7963462cdbb0050f02f99025fed52976,-4,1
0xef1eba3c139b3f9ae8303d5aaffc13ae175106ee,3,3
0x843d7a514805e6065e1ff8031f5971118307e9cc,5,4
0x49dba35557b284024e43bb163048f0bd6730c643,5,4
0x4e9cdb223d0a5f869657f9bf8f042986f0adb8e5,-4,1
0x881a01bba8182e14624c046fd5880c84d14a1507,5,4
0x5c642d6046d3a772064c6a715877acb8646b7849,2,3
0x8e131ed33cd9baab0976373cc808b02202b4f508,-6,1
0x938a5597828efbfa230479e2b09821cbdd8cfa83,5,4
0x41e8bf7f86b94d74ad5827a11edec9d8a69b066b,5,4
0xa747fe3c0902b2a10232cf3dc5149f7f631990d3,-1,1
0xb9d05163fb8c5d926d5c04e7d074f557864f56be,5,4
0x1ce6c252863fe1f8e282c500c489977053cb7d23,5,4
0xe52080b497adb394c8a194e8090b6d266ec90583,5,4
0xdb2cfa0793a6062440bd7d6c1dfb45cd6da2f449,5,4
0xbc7c96d0f927d6e883a069cede9d6a891cc7e301,5,4
0xd85a569f3c26f81070544451131c742283360400,5,4
0x10098de28ba6928186954fcc18ad919040600af3,-2,1
0xf985ff54a2d832367b46376a23fd6c318ee274e1,5,4
0x5af4d4bf855bdcf4aed680a4385d5380bad6d7b9,14,0
0xcb553569db6d0ef88898dcb57689a745cbeaf346,5,4
0x4fb1e3f58cbbbba9f2c0549ae02b5da92338d3e2,14,0
0x8676afd0251a8e69a93596f9d84d17f179e0ba7a,5,4
0xd1ddbf196c98d6b89f2d839fca8a5745a4657c55,5,4
0xaf8fd5d1adcffdabf3c4df357c045af65c69577d,5,4
0xd7d832debfe33dba56c99c3343105d64ede9b6a1,14,0
0xefad832ddf74a42cbf4b9038dc64d0307ce01238,-4,1
0x2a9e52e3fa38369755a0398919fbedd26a6406d7,1,1
0x2c5e1711c335c3cc34359abc914765da71e5bbf2,5,4
0xe4516911d75977bf053668410631d309faef653d,5,4
0xeae1b26fcaa3f3658d4d8a600387bd26acc7b7d5,-1,1
0x1530aca1e68b07d24b534f617ebefb5ddf0499fa,5,4
0x73bdc0f0b64e1d0303d28961fd0465e45d83da68,5,4
0x683367b58a6886bb8849dc9bcecbfbe21bbc44f5,5,4
0xd29adf6f72e3d67d05c4e7536fefd71c22db912d,5,4
0xa74fc601a0bef5f28cff47dc7cc0b772464fcf25,5,4
0x2ab410632c481c1c746389b920133d0ffc4c9410,3,3
0x021acdae4dc0ebd5cafc374e91dbaabf03c4f2e4,5,4
0xe1dd7ef2e4d2070437d4e063599523c99f5671cf,14,0
0xe8bdeaee7621c73cb99666f8267d068cf06ad331,5,4
0xeb0a741ed98174d52d78b3bbe8655de4ad7a9f31,14,0
0x846e99b117e0cf28eb7fa16fd84d65c6387b38d0,12,0
0x19d1a6bf8a5b9764d3737b2188665fe2ef282afd,5,4
0x303a7af15f3f563efbfce55cfdd0c3788539ebd4,14,0
0x1eda8196bc0b0195bf35d5abf10df9135f0a60d7,-1,1
0xa7e8b6ef8addc71dc74464e5c2891c124251b94b,5,4
0xd78e313e5f56f2b1bc22a1b2b476908171ccb4cc,5,4
0x318a11fb434333de60b3585428cc888ea1e22c67,5,4
0xdbc29c9571d5a33dd443021c4dc736319eec7c31,14,0
0x31619871f37238d1e78488d2a61588b1639a9ac0,5,4
0x8333fcd3ad2680b0d7cc87bb3ed0cde9d17fcbf3,5,4
0x29f4aacd77b76a55b8145aa22bd58ed72a2e488a,-2,1
0xe966e7df8e23b20c1224eade2433b0c684d43a0d,5,4
0xfbdc5682ec16ce4e2ca4b501ebb10611f6dfb2ee,5,4
0x725abb823aad6c61705a3954d2aad9950fa49be0,5,4
0xf7280f5b6ee18c30841a29110f6fe5366fe9c501,5,4
0x52feb9bf6f37bbd01309515feec062632f5ccb2b,3,3
0xa0eb44b173af64f2fdb47c7d76ff3a33e04103b6,5,4
0x04ee11637c99d2e1f1983e4023d1fd97d5cb4c0b,5,4
0x2874aa935c118b8e170c35ae0e75e507d1332218,3,3
0x7cf7bb409db901070f11d66609053969bc1b7bfa,12,0
0xe1e13f8f054f14b2c1071d289ecc6b63459d4a7e,-4,1
0x794fc52dd36933764c0653838ac1e51663285dc8,5,4
0x4fd59968fdd859014f5af7f07001f8112a8e3067,5,4
0x9cfc8e38797d2ed082dbbf763d53aa42e5a0f7ea,5,4
0x97b85ff1b0e038715570a377e35c08efa74c2cc6,5,4
0x95eea1bdd19a8c40e9575048dd0d6577d11a84e5,14,0
0xcd2fe9e881b296bc185bd8d2edc2fd600c1fe4f6,5,4
0x74afbb9809ac18a8fd7ea7abf5fcfdcddddd2e2a,5,4
0xbc38450986ef3bcbf41d76403a204c865f8ef0a6,5,4
0x5b85b47670778b204041d6457db8b5f5d36fa97a,-7,1
0x17e4e3e9591998ad988627f3a11b61c459568cee,5,4
0xffc848a3afa7d31be0ed9f91967097dce50a22c1,14,0
0x5ab98beaa20828e9acafd5881cd420bb0c42bb24,5,4
0x3bb57d36cb35391a28478715671d4483126941cd,-5,1
0xf5715004ab8c475bcfef5fdfdfea27095a542a92,5,4
0xc11a7a57aa70dd425a0104c59e52d6a3e6af5167,5,4
0xddb36ee7ae386629aaae2390696a3e2dce460ab3,5,4
0x85d802c05e57292c08d0b955eddce6e1b52e807f,-1,1
0x9f717f0078658e4b47a67208a5336bc52e67f78b,2,3
0x839a3690c977fd4b157c94d1f39aec438ebe2aa0,5,4
0xdc1a4774122a66e2399964a3f69febb15915c283,5,4
0x16255e63103423aeb5bd22146e0e3d406c1b5ea0,5,4
0xb10cbba5aa3c175eab538cd7721cce6256f600de,5,4
0xf17d3a0e1237c7d3b4679d26e88a9374a6ba019c,5,4
0xdbc2fb564dfb5338d2272790060f5bae397c9c6b,5,4
0x91cb790e6c4fe5fe52577c74e25008adde096241,5,4
0x462726579936bc84f32c190387a186e4460e9def,-6,1
0x30b4bb9e1c9e7c0f3c24b7252c71d3c6732a102f,5,4
0xa205e6bf6675dc37958e20d501b36787049bb644,5,4
0xc9b97de97afddb4b0d11ec0fdffebf778a89fa2e,5,4
0x3b86e26db0d0d30614eb7c6d1227ef9aeace251b,5,4
0xe6855c393d481ba53e974728c416ba9c67d04a43,5,4
0x546b9ac9a6c0a7e50caa189f021b1ccc676e1d7e,5,4
0x61f6bf8bc5cd4e064fec832fd2e282ba41401b94,5,4
0x2802c4451544c25550bec6c0ba493a043024526a,5,4
0x755bdae53b234c6d1b7be9ce7f316cf8f03f2533,5,4
0x658de7c1da7d6b0f736edf6f606340a36a4f7f09,5,4
0x7065177ec393e36d5a71df75535cdce952dd168d,14,0
0xdc77f25e8a38bb47531659b651d9cea165d8dfc6,5,4
0x306ebe8357cf941e1b870a1ba6a60aa9668805d2,3,3
0xace2d596e4913176b54161f28965eb96f9196f55,5,4
0x026b3c0196306456b136abac58b7478e763a3194,5,4
0xc3eed391e92ac9d810cb43cc4c1124e99ccaf688,-3,1
0x437d1bf1baad10b0e67c36165cc0893f9552247e,5,4
0x585326b9ab31f38089228645c8bed03960da07a1,2,3
0x335d1f61bee27c66f46dba0eadc4b039e9e99477,5,4
0x16e5af7fdc99c4fbad7db0634e19bf0b48f32852,12,0
0xa8528af3296d7757f2dc98af6e17e0ee3a428f13,5,4
0xd3cc56877f12570557de47b296fb68b97514506f,2,3
0x534f8b4fbebd08a8f3844e2dc64acc732d58f378,5,4
0xfad282503d2a31825fc861c296cbc4c51adc4f8a,5,4
0x5893be5450e4129e9b6079188d5811a0926bf9ee,5,4
0xa150c61f207b96ad865bc01d036158297c66f289,12,0
0xede2daffc599a4ec88a74d730f199ee5915e9db3,0,1
0x7618329b8d67dd743ef8a2f966d60b4d6f39b18e,12,0
0x894b87dfb9e79082d2d0ac7c16ce40658afd42d1,-4,1
0x2075fd8f519895e488fd3b3dab1d41381a1d9ab1,5,4
0xece9891b8b78f75dc580e5d9c3740f2c0c69518e,-2,1
0xa01f5f841ecc3edbaa1ca9c6c9ea252a67ab8469,3,3
0x44646c1823433071cb4d60e90738161f7a056cc1,3,3
0xb31145a54ba2795bf1ffb6dd60e104e3c80d9e1b,5,4
0x6adf5b88db00ca1aa6016e8f10b60e880c674869,5,4
0x942b3103ebc30cb9f444fe7d04f595ed566c72d4,5,4
0x8df5f3e4a0688595b02768c37f32424365f36f26,5,4
0xef06c0e9a27aeaaba3db96cc679f562befc74ba3,5,4
0x1c376e5c441e079179267b4150c0c3410ec42a9d,5,4
0x0c1e99991dd2f7d374bff13f9f52284ce6cfdae5,-1,1
0xf29a32073c35f228144f3d4b787d76f47ed3771f,5,4
0xb9663cd6543cfcaeaad9317d5ce20a43657fcbcc,5,4
0xf7d0c114369d8f126ff6205532fafac1707cdc61,3,3
0x3caba50e426de2003f937ac961bd6834b206fb1c,14,0
0x926cf6597bad1cdaca59d66a7d66b972a761c3da,5,4
0xea4146e4b8f136f92767c9c5d8db47e2a9580ade,14,0
0x743ddeddddaf0102a2d4c39f92b0a71708498278,14,0
0x70dc457e4d02a13a85671538f1211b0d9d7ad08b,5,4
0xa8a29bc8816e19d2b41cdaae48bd602180b0ff3e,7,4
0xa420d446ad3a3fb3b7d1f3c876a96e7cc9ea6627,5,4
0x222222222222cf64a76ae3d36859958c864fda2c,5,4
0x7d70394dce56e8a686c365f6204b118e8bcdd679,5,4
0x6cb9d7a7d594f105ad0296b1b967ae31e1dedbf6,5,4
0xd4ac89483776351f3ac7147f0ce7434333754c58,-6,1
0xeb70f86cdcc047cf052554db6962ddcd4d057f9e,5,4
0xcc0828d2ef105301e8ff0637f9989b04b00ff580,5,4
0x473e2260ff686b952aa18a0d1e417750f8371e0d,5,4
0xd0b30b0af0ea0a07006b6ad34e49bae453afed54,5,4
0xbb9d3577a6b01b5101d4265821886c33a1b5f169,5,4
0x1f551c5f05a5b72769b8db6d7f371a212ed30eba,5,4
0x22d78e2a684ef82f8c967f965d385ac6e0524bff,5,4
0x1b0777512d084252fe0901c20eb4613ceb8ee061,5,4
0x915f8ec2a44ec9b9c7da32aeaa7ee0d52c6d3063,5,4
0xe880fa4b3993cea9ba0cdce192753ebfc6e853f4,5,4
0xea09738aaca3f6003ec2cbb0d9fd113fea974438,14,0
0x0f3563d5a39f6add7e60630bd14f9d8ded0cdc5e,-4,1
0x0a421aea6ee6469deffca736e5864f92ea398336,6,4
0x1b751ea0b6e3d0b08f2b1d49fae7ae4889e635b2,14,0
0x99e881e9e89152b0add27c367f0761f0fbe5ddc3,5,4
0xa24845df82a9e6dfd5d8614d82f4593f28778c7b,-3,1
0xe048c888e3d7215c1de022b4e036e3dad07153ef,5,4
0x3298c904942c9b23a66dbacb3b3f21cf64d11f40,14,0
0xe5ac2041a20cd6639a90f71622b1abbb20727a2d,5,4
0xce2a91b561263e35c33fcd0a24c8783f85bb39e9,5,4
0x5d1c90fc7f4ac5edefd58a8f2dc16f204f96497d,5,4
0xbdd33630bdf8bcd7ddb3c1e1b6c20af2ed3a1dc0,5,4
0x7f561231fc1a575562a83afd428db299ab54ae95,5,4
0xf4a838260e11551c29d9dee4b0c71f17bf1385cb,12,0
0x431e81e5dfb5a24541b5ff8762bdef3f32f96354,5,4
0x5160a2adc13b17f479345ed47fc192edcfb0fb93,5,4
0x0fac04533856f9c7468c43745f8e12c6bcf4668c,5,4
0xf26c129d7a87c6d105c2978caeb3f36461f15ee6,5,4
0x2abafda4814006177549818fe8e676f8ede1b694,5,4
0x53648814fd9200399dcfddcb2f07e15636f73a50,14,0
0x5ccef60d7c1043f0dc5297ee6e66136539e5958e,5,4
0x9bfdf44079778eb812d59df440247027d325fd2d,14,0
0x52778244bddba2a027ef3aed13dc09041c6afbc3,2,3
0xd41db7074acaf3a92f20553a88130f9532eb9595,14,0
0xc850fe2a5fcb8081bca3544da66b841f123f548f,0,1
0xf147819838314be8a2f2cc3ac1eebb2dccb125a0,3,3
0x1ee0277be57e65ec02c9aaeb2f67a8cdc402f8f4,-1,1
0xf74e4e56c20e83f2e7eb778f0ca283d86c74c071,5,4
0x0484cac487c8539f4ebe591eefe12c577f9ef4ed,5,4
0x08d0b9790e6380503c0dc0be30bc626395952d18,5,4
0x18efa6a1bde9c2604955439a32e2af1085e654d9,-6,1
0x97ddf8b54b755de43eb71361eea0f056e619a922,4,3
0x46613a7d03a3406901ed5714d1b0b5d8c7df64db,-5,1
0x577cd265c10606d239d80510091b95c3013c2e3b,-4,1
0x2be12decb6c1963f485efb3ae0d39b48d0ede41a,12,0
0x73e3857c8e425da3b91f9e87cb6bc70a49afe68a,5,4
0x281174c9af54d54caa49abc5cf222cecd7cd69af,5,4
0xd48c4195510843ee8e3fbf55109d5046d2c4832a,5,4
0x961a056bdffe10b73f58048eb101881365634b5e,5,4
0xdc54a8f100473df166d3741f0a908d130077898d,5,4
0x2283c3baab62117c2ab6b657a0b76420e1968230,14,0
0x90dd5eb99a7f116e71be378010da961d3dc560cc,5,4
0xf016bdd170459d135c8d3df700904e721a343564,5,4
0x60bfde2f8ea56c1918f7cea554c926dcaca262a2,5,4
0xd33eee64720865c0a9d519c862de9b3fb2da45a8,5,4
0xb05ead0260427a45b68f9e269e872d0ab4ce6bd8,5,4
0x3fc3c6c71ee0b1754a05096ea93e97de5bed1363,14,0
0x45adb042c174bc39e43ef36cf2bdb8361621c562,5,4
0x2bec2685065348e940937c6efdcb797cb4380714,5,4
0x116aa729c4f190e4ac3900497fce4fb037b9bb25,5,4
0xb13ac633b976fe6f31ca3d7236b88fff9ecf1259,-1,1
0x280d34a74cc14ad246dd0a158e5b90e3496fa676,5,4
0xaac024f6881bfeb9c8c5030fe52e3f0cad53de52,14,0
0x95daaf4ffd9c5f749aca22e3a8ff5abc86532af1,5,4
0x9c5e2ba04f81476e688d1637b634ecf923bee3cd,12,0
0xc72d963c16c73dcf884d9568b14dbc8e094a8a17,2,3
0x84a7b80b2139914c325102dfe1ff2a3feb512e11,12,0
0xdbdb110c59881be60e12e5f6c54032da8ca814ce,5,4
0x2ab9d5b970d2b7d908879b80f81c3723ac0b7026,5,4
0x5e643869bc8c9569fa41be6788bd74011aabf2dd,7,4
0x3801d2d7e604e8333baacb2ab53ceeb8d7995416,5,4
0x9b52073bfeac3984c031356e3efaad8dbe188998,5,4
0x827c952a572cb99ef4af7b9ec837c7438da174e9,3,3
0x62eb45dbb03fd1a767d364ac84493b2dc68dbfbb,-2,1
0xbe4d4b812a7cb6f6782bcc982b704a38d72416e5,14,0
0x638848d41111b5f74706be8d79cde3e4247dd84b,5,4
0x3cd782670429da52541c758987cf395809a929f7,5,4
0xf156d173e3d6b29d145aa82518781b8ddad6ee90,-2,1
0xb6a40866b80074e478d349c0aa5ddeb47405fd06,14,0
0xf4d18f4da9fba6a54b084ce5dfb0369d053a96ae,5,4
0x47ea9e812f39bc26f95cbf1fc36230558492133d,5,4
0x15c3f77fc3dc26f7e02a9f64daffe1f1535314ac,5,4
0x0f54780d72d0b959ebedb641f81a25c0614a1774,5,4
0x16ff66f7b0333c128a34c6967725adaee2c8b7cb,5,4
0xe8fe355df3987200d04cf17a8fbeb9f7d085aed9,5,4
0x0a405e6d82ceb991eff5a7caa9a31284400154c5,5,4
0x489bf60a8a0d3884286816d9d1e9bc266064d5fb,5,4
0x83c0c4ed73b8a7be200d7c731fcb7199efae76be,5,4
0xdd6f267a88ee70eb0023712dbf99532cbc1d7749,-1,1
0x853b218791609dd8e9594a90ef2e707c7b087425,14,0
0xc3efba1002c0d74fb5c919e092c224795be02e2a,14,0
0x7123f91246f460098ff021cf6adbc92af40902cd,14,0
0xef2e46042a2539a4bd4446c7051a4edf5ef9bab9,5,4
0x1b435608b2f7c968001df491b37f42985ffe63e3,5,4
0xb047e60d8ae598e613e33cae7e0dca444b4af30b,12,0
0x54d565748725735dbffda0568656163330f287e9,5,4
0x23173a7e3a2a5a6fb299adf0f9281c2237ed081c,5,4
0x3e7dc35f5e86b662af37315407a8a421ee35f45a,5,4
0xe140715d42d1775236ef1be2cc711f159c06f405,5,4
0x2a3138a0639b21214eab48f2fd3b5c51cc5637ba,5,4
0x63041de70c829e4c0504895d53a1cde723c0b526,5,4
0xf0068a27c323766b8daf8720df20a404cf447727,5,4
0x2e5d2bde8fa67c3b2575d5db403d028ee94a39be,5,4
0xbe02524130d4cbd60d5d6cbb52ceefeb4ca1e930,-6,1
0x185bda6db4ba134cb130d49497dfee98e2dc0425,5,4
0x9ee50411e1aaf3e3dcd8df153fde8a7c5f0e8190,5,4
0xa5a062ceadc6c212b04c76987354372327be386d,5,4
0xf1e9dab4dc209cfb16ebb92530b82a1a4c2a2ae0,5,4
0x13020e7bb76ead4ab37baac8fa9b11ce0fa04d5c,-4,1
0xf2acafc56a3eb0fd367eb5d199a5d81f8ea459af,5,4
0xfbcbd419ed2cc1ca396afbb233ac1d7aac7b2af9,14,0
0xf8f6b70a36f4398f0853a311dc6699aba8333cc1,-1,1
0xd773be87460bd7108a4d996729cf3655e0e8fa57,5,4
0x4c4ef577889fe71e3c18b35da50197d5069dee35,-3,1
0x6a02a133809d4a9827c0d38af8a039b8068d9206,-2,1
0x334fc8c1bbb1e846da9f74953f6d344a8f200015,14,0
0x4c4a63e9b3fa7671b7d343e440d39feacd2e32cf,5,4
0x0676ee140902cd4f932f0e9246c334361bfa3e9a,3,3
0x010e4b18f706362736ee86d83fc05cae5d87a1bd,5,4
0x28276a5c0cb51c6df13e242abd763660209cb647,5,4
0x60c8eed11cccab1e6d75a825dd9f36d85d855c53,5,4
0x616f9939e568c825ce9b692e6a89d58c6307d3c4,5,4
0x4dafa8df50a3e09da5de9ed4761e9da2815ce945,5,4
0x6df3eef2e9476ea03777f2b9bb71f32ee6029870,5,4
0xc799cc1e009ac2beb510a8d685f385ac4d693fed,5,4
0x7be3e45a8602c11aaba2d5cf1f441dadf19d99b7,5,4
0xa9b055d5e4dbf8a07e36962bf986aaedc35dfaf2,5,4
0xa822c2488f97ac7dd596f71dd6f0188df10c3eff,14,0
0xe2e5dd78b1537fe1b3634c8ac0046401f65b23d5,14,0
0x09acc6bf33f2bc95f6bd1ecb5a81b2a49c9a2355,5,4
0x2f28041b3820e6ceb9cae6da3c41ee7afbffe9eb,5,4
0x18a00ed9122feb0facc0e53f009c02468c2518ee,14,0
0x9bab4fe55e0c9b1fa6b8e52e639a59eebbff2248,14,0
0xbd5ceb146588230aaa5e9f70c2d867591bdea122,5,4
0xac68803be3ca28299bf09571945d4cd8e867e7f2,5,4
0x6fce66db8edf964b8d0e7d12cf055b221d4ea9d2,5,4
0x2200f0014c56df86a7335d1833eee88de68c68f9,5,4
0xba8afd7c8f523785746dddd6a939acbc7484fcdf,5,4
0xd5688b20279e4c5204543e1f5e7f170a4db59e2d,14,0
0x7e6c30cbbc48e7b20217a376898505b553f973eb,7,4
0xa7a114d05728b630fef11001a3860fca509a0640,5,4
0x5403dca8986018fac9a1109e40b321de4e82371b,14,0
0x12910188b68a7817a0592406f1ffe0c31676b417,5,4
0xb0e2061b34171edc2b3c34e86b0b1f05ec7eeffc,5,4
0xd2daf8ac5cce48cbedbcedf6bf062d5c79e45d28,14,0
0x80098d83f6e387414c6f91f696be94daa55a7d0e,1,1
0xaae53ae1d27304d0159ddde9cb08d2ee0cc1847f,0,1
0xfface2b44943277661f68fad93b35a6f0b7dc024,10,2
0x1a0459cade0a33b9b054ba6f3942156ea183c41f,-6,1
0xbbd018a45b40bb699df47c7bca87623810a2534b,5,4
0xe733122099e5c7702e7504f2975aa771f3d3cd82,5,4
0x83f0c3989d9a2a791f09ed2256fc2bcaba424c78,5,4
0x5279278a390076459a82e1b7cce6d1c56093c4c1,5,4
0x2301c09f4dfd5628ea818eb311dc749f9b31ec0b,5,4
0x9ee52e6adca5c13cb71b1645bd5f94d3d20426db,0,1
0x42b8b92047ad675c97222e519c3950c3b2b711b8,5,4
0x172b0cae07c5e8a7ca267c160e0a988e98762149,-4,1
0x04d73a99ee346d7c3de861e1118a3829912c7ded,14,0
0x9906cd623dbee156d8deee923733277f0e0ce196,5,4
0x9e0885983b240f19ccfa61a3fb5fa6d3883cfb4b,0,1
0x0f74fa649a61e3c21073fb0e7f773e181538c27c,5,4
0xfb5a99e4e33ff4d0234394eb2b93b67d7ab2590f,5,4
0x00cedaa3103ca77285623a5ea4a6b7dd154edcdd,-3,1
0x77875aa8ea7f113eb08c7a2aa4c2975944b0f77b,5,4
0x7c5c67299cbd77801032bee3395782dd42f2d7a2,5,4
0x65ec9e51b8a7121e89929c80a19a88a46db11146,5,4
0xd1df2a023a194d3d9e380456dcdb74bf3d40065c,5,4
0x1b950efc99fa22e0681d972b2c91a6b894825f20,5,4
0x352f55cb13d86dd471f2562f067801aaa4b6f540,12,0
0xd5432cd4cd98f201afac9998b35ce9731da1b498,5,4
0x7b29a171a285db3c2b636ccc99f6d24bd22eeb4f,5,4
0x017c536b11211d47ff4752c141f1e62ea16a4a5d,3,3
0x647ed635be1df9104180cc95af4db84ff4400f33,5,4
0x4d238ac8f3a330360334f7e42358f8a872e51b4c,14,0
0xc6ecad1e108a802e5500a6a9772c498fdc0fd6ba,5,4
0xd71b5c55dbe7bf94b01f3c70bf721a22708ca4aa,14,0
0xcb8581adc10bd92aff13a862437d1b94ab62eae4,5,4
0xbdc4d451dcab410dca2699fce2f25cf20f7ab61d,14,0
0x371ad2883a12383e406bc5392fa60d2feef075d0,5,4
0x82a72ecdf9267a6b031c6139b57a9347b9ef42b4,-8,1
0x81a745df888c89893c1b2a359b835898d8a6f128,12,0
0xd1e39187ebae82b5fbb1bf961736bb0238c54dc7,5,4
0x75503d3081f2a52a3e7f0a5e976845a8f0fd2fa4,-4,1
0x4c49544aa9eecfebcf8832b2e174a45599daf69d,14,0
0x0e1e82b4f6b443d0981df7cfde9e36996cd63164,5,4
0xdfd7d45f955fbda6a8f7c5de4964986ee0452dab,5,4
0x339440f7b99013367cc3cb7107ed4929ab126f38,5,4
0x8146cab15355dd3fa7bb45e2925dbfee189aaedb,14,0
0x3d3e9f03863661c5d96de5a553f9e26ec28cc107,5,4
0x42a1b161ec193b67b34035158122c99c8edac57b,5,4
0x0b31b3addd0ed43cea758a81b927c5faf793b287,5,4
0x37777a7bd83f2fdeef00bda3e4bce2a7e8b3748e,5,4
0x2610de1aa777b8075c96ebbd185df240e0ffb35f,-1,1
0x0a009741192aa0bffe53b376e000ce7435f00012,14,0
0xc6c798e7e13b94cc09428c80b339d02f73771b95,14,0
0xb3b4023406978d8fa97242164c5cdba2ee31d145,5,4
0x2278a9463774fc0b538b7d52087a00405ca9e1ac,-6,1
0xd212b48ebe8038f81c12822f3fb9175ec3050323,5,4
0x22736a161d9a9d7733f72b6e6520b3594a421fc3,3,3
0xdf13e5d4233650964272b1b3f2e9a7bdda7300e0,5,4
0x5de083ba3825b07470d9f3a9c79df4dc2bb80ed4,5,4
0x8c858931b85233a79d602d63bc7c053a3d4e63b4,-4,1
0x5cd0b05fd759e02200888e018cb0351477935192,5,4
0x18111f43b39965ff8cf2d4966e5186e06a0d9123,5,4
0xc082fc4cb0435bf9633edab1c5e5d7e5d1ca6e0e,14,0
0x2034b44084bbc14d1deac2216bbbfee8c2bb6f30,14,0
0x7d591a4540b7192dab3a163f3b34f31156950890,-4,1
0x20c08e787835c2f0bc7f273ef22a46ff2fd69cb5,5,4
0xb652c617d18971a53f3727e01f6e86f975312c28,5,4
0xf11380773c12c44f56148b472c791bc468f769db,-5,1
0x41b63d8cb372dca72ac9cf7d6b894d262788ce3b,-4,1
0x971fd96ae04cc75ac3f717ebaad91a55d4aaf890,5,4
0xf0b394bb98ab8cf09b06700274d71b78ceb128d8,5,4
0x92db1cb42c1559cb043c75d6835c63c49d41ef08,5,4
0x3144d459449da9098face2e5d09db06def286bc4,5,4
0xc390f4f05180bfbed822070f9758f422d684fd79,5,4
0x789b9c1fdadd623fe6379634b732efb5d1ba2a63,5,4
0x620575415ac326f7039de77738ce7b8b24d7ff42,5,4
0x07c9f747887280a6efc930fb0fd4f36c2298f109,5,4
0xb64493172819ae046c30aa81b3ec8eb835bd178b,5,4
0xcbabc070237884eb84b5a73452b2730f51ebd398,5,4
0xa2abad715aaf5bdd9df426e02eb1f28b4cb25034,5,4
0xaf95fe44046b4f4c9b716140e236b22a6cb217f8,5,4
0x7d489136c863104117e87e43e80411d79a0aadf0,5,4
0xa5e5cfe3a0bd7148a85d46edd5c90fd9cbf614c0,0,1
0xd21bf575fb36ae45370655c79886b37173b11a41,5,4
0x253f9dbb95556428f3dd9bb4afce2d2e9c3cb39f,14,0
0x1245904288aaa7db8a0edca85490631aba930e36,5,4
0x6f0c082afaa26830f7c963588c4463e578669758,5,4
0x4a3690dadf5537d1464217d5d20058215a19b29f,5,4
0x97771af43d1acaed188644ccdf2df8b9667681bd,3,3
0x60e4ad29c634009941c0a3db7a416a9ff3e3349f,14,0
0x5156a8212e6be3c4e000745c78dc9935c2196d85,5,4
0x2239ac202240074b006a0cd2c201284a284dfe21,-6,1
0xdf469e4d3c2b3e87c0b1c3ee6a9b1106343b338e,0,1
0x05cf03eeeaa89b5f4f43faea05264322b471ec21,5,4
0xdd3a0723eba7d30133c71ccc6c300a15035f7b18,5,4
0x64150f4b7c568819553519f209f5c9b4e03bf6c1,5,4
0x0fc44e8916e31e5573457910c868dcf9f45cd464,5,4
0x436f795b64e23e6ce7792af4923a68afd3967952,14,0
0xf91dc62ecb1d2cfc6ee72e1e7a27288c20bb5486,-8,1
0x0cf2bb78675d2ccecebc6d737e284bc61d6b170c,-1,1
0xc23860c969dae1ea8d0a9e64d4c4766595083d67,5,4
0x367ca91ee364001c8fc3ed131a91dfcfebf45745,14,0
0x0400083c67fd63db5f1ae087efd9583430b663cf,-3,1
0x8995bdaec00ef18fe33425c9d367f87615f9a4df,5,4
0x5d40c5dc3ba69208f440dca579240a64e6c71dce,5,4
0x2dd543d977bc7b5f29454781d201219c0a4783e2,-4,1
0xe495c0d634463d4a7f8663af52485175d75d1e6b,5,4
0xf4cfd2080bce8a9cfc5e38447e383a905e20f7c0,5,4
0x3d8d008c22db786ba2080e50b3fd54ac46ab22ac,5,4
0x5eb626cc0a4e04239accbdaec3bd8ab3a665a0d6,14,0
0x79f74f8b96718657ab317cea3eb76e1e5e95519e,5,4
0x78e98f132a02b70376bdf7b95fd1d027d89f965b,5,4
0x9eacf519f5a1e072339463a61143602e696c751c,5,4
0x6437129c2469bba84abcef1cf672a38c6407c068,2,3
0xd454f9aff4d0c92f8765a9e785ccc9a21f106d97,5,4
0xb292878a073836a61d20f443c31b8486d5f1752b,5,4
0xb51074da03c55e79e3526cf6bbf31873443efc63,3,3
0xfb6f987bea53a71e0b629bff3dcfcf59b69f77ab,-7,1
0xb56398859947928812e544142a3ef4c360bb1679,5,4
0x65f5ac686dce9bb3d1caccaadffdf7b9f0013bd3,-4,1
0x4fe6b3c5f964ae3cd6f9771254364718892b2253,5,4
0xcae4f94642e41b76ff621934cd1706cdb633861c,5,4
0x8fd1285191909bf77c01b5b4b0030c6f752ca6b3,5,4
0xdb7e172f4b5ffb04fa5e9fecc4b8dae083340361,-4,1
0x00c04ae980a41825fcb505797d394090295b5813,5,4
0x956056e94ff5f6131c9400a44284e919d9b97d89,-4,1
0x55c0a65b7cdcdfe16db5d20115b987ba28a21c7c,12,0
0x4f4b9492392b88a1d21611575b732428a1bedea6,5,4
0xe6d260d985ed132ea35ada717f581f99068641e1,5,4
0x9881308aa6cf54399bf53f63803e1d87bb09259f,-4,1
0xd99d18437c9daafd7e88e24ff38ba0aaca3187e1,14,0
0xb79b4c8eff11f74ebbe98fe028241c31604bde91,-4,1
0xebbbeef5a42e15ac03369edc8dd6e5151310801d,-2,1
0xa8c50b52051aeeba0366ed9a98de12be690b742f,14,0
0x4c4ff3da7c93759c43bf0b1f94575519c05eda6e,5,4
0xf4434aa0200e06726086794802249356269f2bdf,5,4
0x44e11aa471c51c32cc17f527a6d783d8c8fff4a9,5,4
0xbc1500daaff721f626ef1a4f1a8c4e333648c5a4,2,3
0xc15e66ea086c82553859a2c62db47e5270a137ec,5,4
0xfc37f40b5c2187f3d915317653b4df9e4f46ee50,5,4
0x55a26dc1a408a2e412ba75fcfa12d1f38ebac43f,5,4
0xefe03309f30bd8aec65a3f6f570ddceb50cfd167,5,4
0x3a81cce57848c2b84d575805b75dbc7dc1f99ab1,5,4
0x119c2333db430f3832a74c5504528c277067a8f5,14,0
0x888cc3b674e0061289dca925c79d7b9f5f81fdc2,-6,1
0x3fe76c373e1ae6c3e5448dc4821a24d21f1ea3fb,5,4
0x5c072afdc73bcb793d8fb9945fa6328591f7bf5b,12,0
0xde0ef76b02373b380fcc79177d57f60ddec92661,5,4
0x2e39edd055956913f4fbe6a328106b6b83f97ddb,5,4
0xe31235bc3880eb1fbb4c53fd7d882d2f5cbe56f3,-14,1
0x4d76ee2d0a5aefedad77f05ba81a035533a20e45,14,0
0x03d72eb921aa2c9b5eee0596dc35d265a3d90d31,-1,1
0xd177f5fedee9ffdbe953277da186e0ba4cf619f3,5,4
0x6742c7e0ac87bd566baa0eb276aaf06cc66194d3,12,0
0xfefa7423d339855d13a9345ae0101736c300dea7,5,4
0x44b26dc0c2b7385ecf7632e45c5180f9a6a606d2,5,4
0x26a005456fec3d92839a224a5a57cba65b957bfa,5,4
0x641e9bbf26a853befe0973a5d2255697aff16d01,-4,1
0xc5361a8670b644d0ffe2beda643a1f24317c8e76,5,4
0xca2b80f0afa709b22ca5e6391d5f982309fbbdd8,5,4
0x21349801fc1180417778144112521540216e9961,12,0
0x9bebc5bcea7c5fe51aaa33d25b8bc832c6feef16,12,0
0xc9858842e1543c5745665515f7e4a89bc32c144a,5,4
0x262e2bae6a055280c041f7730c96395570db5bcf,5,4
0xa98fa4d599cbee237cba6e8aea50b3e0454598a1,5,4
0xea16d379883c83d4b2a5597431b15507145a124e,11,2
0x7c0b6b553d71f91de40bebd1ebad03b9a671d317,5,4
0x392d3904ef2f77b0487e8eb06dc01bcbe37155e2,5,4
0xce78325872bb4e7c54d2c1338d90f095b5f0c0d2,5,4
0xeef1846f38f4947b3f07ede22a3c021266725a71,-4,1
0x5b6b9d96aff2bddd2befc9dbf9ae479ba8b6b9f7,14,0
0x133264755c2db625d8782a0e7eae8a40d565e981,5,4
0x770b95b847431386964a636155bfc338dc603e0b,5,4
0x26ad4f84cd20102c4a7fb9d14bd2661a0d66f96d,5,4
0x9fa7bb759641fcd37fe4ae41f725e0f653f2c726,12,0
0xa67f3fcd86f5c274aaf5aa6279ca88e84f4e0479,5,4
0x9bdf1b88cf1e5620a12d78307e4b3613d87db717,5,4
0x131cdf2768a2820236ea01ddd85121dde38fb53a,5,4
0x0b43ab204df3077724546851dbaa8fcc5b0f14c2,5,4
0x546bd25e329c7ef69f9fa4a1b549c3388fd8ddc5,5,4
0xcb1c1fde09f811b294172696404e88e658659905,12,0
0x4ed1ee77c5ce5fd6fc98a61812593a80dbb964e5,-6,1
0x602d9abd5671d24026e2ca473903ff2a9a957407,-4,1
0xa68678d5e473f7e9a5a121291a945cecc9d983ec,5,4
0x95552b2549ed4a86c4aa8e25a8633c49db5784db,5,4
0xdd0df36f75e9dd25e1c8f20471b5b07d6abbd16e,5,4
0xe85aeb2a96b6bb2eeafa15c59dc0419a998fa38a,11,2
0xf3c115c50376154035e62f93db35d5361ea3a299,14,0
0x7f8d65d436f499e04b0b1c48a2a8929fa8990501,5,4
0xb288030aa3309394c7e56defc9ddc34c4cd13904,14,0
0xfd4e0c9110cb0459af8f2458f9b6458964144cd1,5,4
0x40c5df45ff0f0782bff92149efb3361070353666,-1,1
0xa63c2a96b84b73867c0c6a89331907ebb4c94d56,-1,1
0xff79cd75bae6f7c355385b0976a0b2426d3fa457,3,3
0x5388a7f24e86c9c9d855a98c2f5a339afa6a3acc,5,4
0x302122a8be8b66c8aaec209f705443352f62f33e,5,4
0xf7e70f66e3959b7d9aae0080f860407ee84b1102,-2,1
0x98e36b2bed6912ec80de49ddd064f27f15a3a1bb,5,4
0xd380bdee4e254bf85cc993f3bdb670cabcd10b85,-6,1
0xa0d49f6bca1b30193a1aac374b6d36b33dc8f83a,8,2
0x1f3f57555e0cacdb37cba88e6c759180de56751f,-2,1
0x9c6787437e76e0cf2e9c0b26cfa0c15b3a7a0663,-4,1
0x7683c700a2c8ba48b05d239fa0b116aba6b8f8c0,5,4
0xfc78d42391553ce37f39927b0f9306b83f19b1e3,5,4
0xf2b2c88e166076c1354620fcb4532325367f0d7c,-6,1
0x89a8b300629588800d2f44caab067bf9bedf858e,14,0
0x76c29bd320c1acd300ab15e1aa1d0cb47c2d055d,12,0
0x38e60dbcbd3f6db11c91273e5e36a6faf03f29c2,-2,1
0x5edecdd3f180cb371a724718a6b37c3390f57b86,5,4
0x3ca57a0410f997a368113c68a0cd15e552c7bf74,5,4
0x9c01b839c6091e519fd4749efa8b81e190c6d892,5,4
0xb4c668d7bbacc6030a26b76ad321d18152ab4ed3,5,4
0xd3a3878709affd3131b1bbe180d87b3e8037c0b0,0,1
0xe15b51d4c15c36539f1b010e07647b19a9b2e92f,-4,1
0x8cc6b8dbee8927d92226e7f3ca05857772d0529b,5,4
0x2fcb3fef0bf57fd3f1428d00d91e50aeff0ca48c,-2,1
0x29faceec357d9747fdc909908332007868cb0380,3,3
0x7bb74c251aa44a9d8c4f6860964d8453989d1f8f,5,4
0x38e9b0952b2fee4f625baf8ef54dd1e10428cfa8,5,4
0x17869a1dfaf175f1ae0de1e9710d939690b3ada5,5,4
0x38022fc435b6abeadac3bbf4d55ff21cc29d4f26,5,4
0xa248fef7dc77f31dfc75362b7ca56ebb18967be2,-7,1
0xc10898eda672fdfc4ac0228bb1da9b2bf54c768f,12,0
0x8be6b9daf9b5125b01243e50c6854ffb7323a42e,5,4
0x0062015c34a7fa6280ad0d9eaebba69b9158f162,5,4
0x819d6887c93dc7d2f7b27ed1d13a263d4f933ad5,5,4
0xd0ed27888bc4d914cd21a0f8c03d6083e54f3213,5,4
0xc8d47f75c87202c5989a2650d648f06ad4b1e0d3,5,4
0x6acb64a76e62d433a9bdcb4eea8343be8b3bef48,-1,1
0xcd9054a152b817c0098ff57c7a407a66736ef812,5,4
0x33314a58d70b2d1b43f3ca7492fc9a8d214b0d00,4,3
0xe248e8e146482ae90dc02daed506d802a8c5ee9f,3,3
0x8ed14206ef3143c44c74aa878605d708c0c097ff,14,0
0x712fc36acb19986a693106ea9443177337e422b5,14,0
0x444eff6ff92c56e96e3b5fa7b4ae1cd92083c1a2,14,0
0xbd9eef9f7b32c9f6f3332a8ed94e929376345744,5,4
0x1ecd2a1e3d345e1305b6370b8fd9f13503d1e52e,-2,1
0xe81a65f0e5079c752b4cd15191091312c673d1b1,-4,1
0x77ab91914c6254b0dc14b7cadf8fe60b48096eac,5,4
0xb65b9ccb5ca37a669e9c822e812f74d5a440aba3,14,0
0x0130d7a66d71723494428cb74ac09ba457c6167d,5,4
0x70924482fd908923c8a7bc3e4c24df76561ea1ea,14,0
0x1757033d7ce54ba10e9681c430e19d28afa43ac2,12,0
0xa25ca0f459646df5770174b23edd4d90f98eaa26,5,4
0x969b0b08c72459dfa8617f27863107da8a4b529c,14,0
0x5cc4793bcdcfcf05ba75280b44fa26d1701610ec,5,4
0xb7f589e9a1215845675578e72ba9b716aae9f960,-5,1
0x0b895550bc2193d0622a7c21fbd124145655d586,5,4
0xd27412131896b2defe03f66f4afce1e6d728d970,5,4
0xe613c2d3d36a7934589bc393119ed33ac165a596,1,1
0xa675d9fd3326ca796499b04de0e02eb8706a6c0c,5,4
0xdaa43d30760ee99a83f2b9a6a421d76746f2c6bb,5,4
0xd3dafee1451be3f739796a0300e5e4c019154173,5,4
0x6ec96272af2bcb36673a407c882e92e3273a2497,5,4
0x0dcc1cc4a7ed59a78d26dc6d56c76099c9678914,5,4
0x3ed5fffe493d4066191d7b7e76784a33defd0018,5,4
0xd512d3938c3102ca392dc5cd20d8877e28c64c6d,5,4
0xe1d0508d4976bd4b8552fbe5c31cc0f023258f0c,5,4
0xb5ccc38dee973ede2d78c071e4b9c2e49783101c,5,4
0x7e4e766d0ae5ea9cded0c694669194db92800107,12,0
0x37dfc9f7d03c16aab85ddefdafdeb4eea0e87b33,5,4
0xab1c72537366e9fb5126bdfb4f86e029d4aa9265,5,4
0x1113b548dffb4bbc17d992d725e9fe69b71533ec,5,4
0x57863683e0b7314a328580fdabfe5b42ab54dcab,5,4
0x90cd08f977529fa3be0ff1f055e62f6e31e06f2d,5,4
0x75441c04d34e79199669af38fed65c03a9cd91d5,5,4
0x3618cc5258de02d7233b0c4d3199bfe37751f6c5,-7,1
0x027d1b17f724a42668f8944d38dff9f785aea1a1,5,4
0xf6e4a72073ae55b8a2ad2ee83d91f46c10c3d0fc,-2,1
0xf6f4ecddca0ad9bf77d44767ca08f3ba6e855da2,5,4
0x9452d07387fefead9fbec9bb38ce0d18eea9ba06,-2,1
0xc80a5430d22e8f96b9fbf0d4d0925bc9e60daa1c,-1,1
0x9ed49fcf22798f79f59cd78c26d26f35a98c385c,5,4
0xfda551377a8ffdb165d85d6dee9bde8c8543f57d,5,4
0x59319c81c0cf3d02e3b68996c2dfe47308a006dc,2,3
0xf85af16cd061499ef00df0f1fa0e0481417d1011,5,4
0x4abe074acde6ecf8b4938bc22e8db3df78359557,-3,1
0xde8f8849579f06a30c0dd3ae3d5408ebdaaabcf7,9,2
0x07b75d712565c5ea8ab04be782568e936f668c5b,5,4
0xc4bcdaa5d8e4b048f7c7b3a4d41947591a0ddff0,5,4
0x53900c2dc7175ef18f9763a44a4616884e2f63eb,-4,1
0x9d1e921c031b7c047b4eef0c5959a36546c285f3,14,0
0x76f66aa3d3979a810652f669ced0d44ff9002359,5,4
0x8ccaf951c46899aa11e96435261c271c3e5ba963,3,3
0x52def23a399bb80f70e65f9ef62b926342ee4290,5,4
0xcd56f374da835573bc7b7161947e48b2a6393252,14,0
0xfd4c87e0c92fc81d6eb4acc2fdb7f4aeedbcb635,-4,1
0x51d34d5b79c4b27763ee4b891039cf602f8a020f,12,0
0x0acb169093665dfdd69af8ef1314499fce7e0edd,-3,1
0x0522ce06e3cbcd6503518154ebf420e16f36b51d,5,4
0xc3dc9291109c91ff8860c46ef8386c3e89b97802,5,4
0x3687308daec2795dd2701be09e8e88652ef40984,5,4
0xced5709614c3ff29760c12235302b87506442627,5,4
0x28fe46db880072e129816ee2bce5bc5a9712a058,-4,1
0x93ca5883ecb4971b11397cdc2c87ea03e6f190ca,5,4
0xc354e9943db2a12f49aaacac11b7ae2b1170b0cc,5,4
0x974cd2f84384db81a03367f1a189f3828e95451b,5,4
0x2ff10cfbb483408f8ca5b18f113a34efed49c711,1,1
0x211999e5ee74af3e8dacbcd5c4e608cd7d8086fa,5,4
0x1ac738dcd0942e75712ded5d295a1214f94d3023,5,4
0x27baa7f83cbe1cac3f1527250dfaa44c24916b62,5,4
0x44f6bf31da7d5f36ccb7feb8575b0dddfc6420b3,5,4
0x57cefc700f3dbfa64fa82b0484f1995881fa3ec7,5,4
0x820e3deec5bddbe58c340fce17eeea5ac9b81963,5,4
0x2154b08eb8e5f9980094af08e9a3c1d99a4fe2d2,14,0
0x2a381a41627de73c9285de8f5b74791ad18bd292,12,0
0x9298841fa27dac6ee2c79a74314f62ed3d987429,5,4
0x685b29fd7d1a8dfed0e2eb3e8a6ba8a8cba0a55d,5,4
0x92c8a7cd80f4d013d8a8e828dd82de01ae184428,-2,1
0x39259585a1bdaf4c1faa677b3e3debf46b9d674e,5,4
0xe4bf41cfc43dc5361d3ec6219fcb10b6a283b40d,5,4
0xe8f9b66bc2e96950324bc35ccf4093dd5c147760,-4,1
0x40af236c06fa2408a91e4d2cabe02835bfc23677,5,4
0x639bfa7dfa6886ffb90e46120aa25235d34249b1,14,0
0xb8d1926298eec9d772e2b8364a0e0c1dd984e284,5,4
0x703d70ef7fc4e566bf7be3759576c1d367d4ef66,5,4
0xc09ccc7fbee6bbf510933bf544e159409b861b7c,5,4
0xa3c73a084ea7e3a457798af8425319c30822ba5f,14,0
0xf48a2b14687142d7291431e968c284197870dca3,5,4
0xd58dcd4594087c2758717a59f44a5ac09db65105,1,1
0x25a76d10b870c07000e9fee68c901d9a354460ab,4,3
0xd88a39dcfbf28be5a1d2fe591c1c773ee33a79eb,5,4
0x9a44394ffd96a78d0b5c5b2f5dcff6052c70176d,5,4
0x52ed35ec8b0c9b8770ac5d8ead78029112543b1d,5,4
0x3f582e477ad99344a5d978161f59f12651f3950c,5,4
0xf8d8cfb123dfd21e76a1a0f8bb1b18f4fc2a2a8e,5,4
0x28bdaa60a922c0c67c3c616ea025d2391209ad11,-4,1
0x8fe95010d458192ff6d3ca59e3a4f6861da625e9,5,4
0x60d64ba3b0928319ca32705ecd56d8e8aca8fc15,6,4
0x4056ebdcdd0d8b9fe04f9ef918a948369f154a37,5,4
0xd211189257d797b42038a8e92b5f7930f20c0fec,14,0
0x7e05731ddac4fca86849108d1b7d60d59f4df3ac,5,4
0x040e0c7d4a57739f532d0e3aa1614be13004fed3,5,4
0x770312bbac85e8a14db8d39936e7fd11263e13bc,5,4
0x817358128f1a743369c24234e6b74e1413cd84b2,5,4
0x8022e8c0b2b7423a07deb7aef95b5c20c9d3ab7b,0,1
0x9f778e72a0d0f50fa11cb16d6f85c00d099ba176,14,0
0x35fb598a156a57773c8d24bc3d0ab61178d8bcea,3,3
0x008678977c3dc825357a4dc77847ebbc4f156956,1,1
0x34f96c533e62b26df1f3dda4d2bd71b3b6a68e58,5,4
0x7c6316c8602e885a48f6af314cd53b28d696bb83,-3,1
0x5b2155d6a5717f80405095775e6ef37fa6ba40a4,5,4
0x83627a990701fc131c3ac726303fc039ae1ed55e,14,0
0xf64e354c33a02184eb3c6345c87ed32d3bc7c547,3,3
0x9da4f8d3163b77c7d4ec15878eb2e19666401629,5,4
0x0a91a528c5dabe20ee77468844904da390af7c6a,5,4
0x740225f0fed42fbef952736eca7fb91e8281e3b3,-4,1
0xff80a1eb7f40e2e284dc907b765e8f4c67b6753e,5,4
0x70fedb8c3cddc74f238dab098abf956a17936f39,-6,1
0x88c0669288d903e05d641922ca2ec008fe21ab94,5,4
0xed72e7b71bfd1ff27c657e363558cf63bdade069,0,1
0x3d97ad42343ddc81c404524e0a9b48d2018122cb,5,4
0x6d1f424e802504d82a35d3cce435f582356259f8,5,4
0x7789ed618fa7f0f315a521375a2c898b1aafe681,5,4
0x8f3b92a7a8be91a087b7549d5134c44708e6ed1d,5,4
0xc960338b529e0353f570f62093fd362b8fb55f0b,4,3
0x7f2eef9d33aa7668cbfd6ecf582c1d9b44060d52,-4,1
0x11ef0b32288660694089a6fcc0488f606d36a32b,5,4
0xa7ff0bc6f74fc6c49ccba87f3df51b1adf98543d,5,4
0x99cf35ce6318fb65fffc87721c044c435bc218e7,-1,1
0x2376e9c7c604d1827ba9acb1293dc8b4da2f0db3,5,4
0x4098a942546c3f28fc7101630fa2a9663895d6bd,5,4
0x2e631948c69c8900e26cd542b0159a1d5c97b5da,5,4
0xc3e359c93e3e3a21a70a9f89ae9659e107abcac1,5,4
0x501e417c29dfa78eef9252d10d3af9d8b0b69986,5,4
0xf58bb3919d3d94503697b9bab0da3d280d0750be,5,4
0x2d3f3b501c8d26c90f5fbd984fb9298540803e08,-4,1
0xffc0f22f7635d79347e07d1ea8808a63a119ebe9,5,4
0x31eee1dabfa10d57bf0c691d82bf8400d51ebe2c,5,4
0x974bfbc275c9bef1db22e904a56b7ae4c0adf1b5,-4,1
0x985ba318f7bda96949e9b91fde8523210b005e00,5,4
0x7b72e54c7863cdb9600a6d7dd90a7e2c2a0d0ed7,5,4
0xed2b1ea897dac533eb59871b1a46f2dbce36cee6,5,4
0xb187f587a2332bf4128beabf85ca52e5f9ca1020,14,0
0x9b832260e46e7eaf8fa7a6de70d780f67ad1b28d,5,4
0xb869cfe6c304dc558e70a221fa54be8969e86232,5,4
0x6de347a2eb209e0849e546c9745e3a7c16d8e5ba,5,4
0xb731d3a244e3550efd0bb0986f8a263c6541efe9,14,0
0xfe6ba8b2273c14380b9b6faaeb5bfbf097d64854,5,4
0x11f90839fd74090bec0a133f260d869ca3218d76,-2,1
0x11d5dfa5a2babe6506ae172beafeb52be47c3ea5,5,4
0x6a6e30dec8bfc6e29ebbed121c9daae0792c3396,5,4
0x6fedfdb4249cd5dca3030fd09e0e1368f23cb4f8,3,3
0x2185921523c7f33b335f2b142591ee6d9efe8f54,3,3
0x6e5b79b12d5e6b0f96bb81d2062ef4a5e2d69c9c,5,4
0x3d2fb958376ee1ca22322b2c226666e414c3cfdd,5,4
0x8ec5c5528db3f1c6d8e3c4256e87de04ca7fffdb,5,4
0x8e62d4404d5f7d5d0178821b9d06fb9c30d4897d,5,4
0xa1d0a33898e781bdec4da8d8193ac535fb660c67,5,4
0x66adbc72729dfb16cb4a8b5a452fb27126eb2b68,5,4
0x6169d52edfd8ab546043d3d15813662b1ada1c34,5,4
0xc2fd8c15450ad23e19bf25b2f83331d6cbb88f89,5,4
0xa422080c61fd0933c599eb1458144963784dec75,5,4
0x940df59ba33f3387deff3c2400fecf1286fcce4c,-7,1
0x47602e835f9d7670ef3e104447614231b13a6e17,-4,1
0x340de53a8b031bf6c0573a81892fd89997ae15d6,-1,1
0xb25b7b8ed6c7a7b505de774f1c7ecbf2fa6e802b,5,4
0xc3fc8324c6520ef463c4b4631854f9a2c9f239c4,3,3
0xc59d7d18c3735ace1b2c526d86fe17bc0e2f3944,-3,1
0xe6cea605be9425872c00aaf0b1029a871131e410,5,4
0x50868ac98389f394d9d78479ec2c144c45c73649,5,4
0xf8eb3aa07872c0f9f3e5f151e3e1922751b62302,1,1
0xb7a6166706bdf494578130a1544883fe163b1708,5,4
0x61c00b460b320935aae718c0ceb5d864c4864846,10,2
0x42e79d19cc7a6a249215def4efe6b1c495147a6c,5,4
0x849cb4075601fc1eee210b2a2603e05f1429eeb7,5,4
0xeea6914c9cb62a11710b4266417b7d6ce4434104,5,4
0xe97da5ced59f2f916cd6051e9d048ac6096cced5,5,4
0x4d4136796365fc8905269e42ee6448b67b4bcd49,5,4
0x7bf6349ae5d9de5b44416eb85baa41cc5ec3a666,-4,1
0x6844751b55d0dba490497e6d68c790c679c5fb10,5,4
0xc4fbda769cabfcf81046ea6f77513cebb3de083d,5,4
0xb1050645b38ef4bd130d7743f4158fc700bec8a5,14,0
0x109dccc4b8b99790d13c80aa41b17d749aa1882a,5,4
0xb4d3bea9d824c4dd7ded7ccc93e6212e3f0b186a,-2,1
0xc24b1145c8ba7bbfe41a8437651be0014eb7d344,2,3
0xdc994f9ba3f8c69ad4cce1c3fc2bd1be5b2dcca6,-4,1
0x7bdc2f3352429c8a9aa518dfcde3813bda522f68,5,4
0xd65a47f6638f21fd34073d3ca818d5434e143a27,5,4
0x41ba0bc7b3bac5baaccb0533d6b641e05ecb28f6,14,0
0x413ea18a8710143086f716d061b557823f84b98c,1,1
0x8dfc6ba7a7b55e5c73930b1d77d931b6f63a6ddd,5,4
0xc65e27b69cd445b8bdfc05aaf0f7f7e973d72fc9,5,4
0x325b3c98d5b31052e3a3e6526433f5eacc46c5b9,5,4
0x33bdef525fe0d524a78f0ac47fe54da44eb1538f,5,4
0x20b181d2f2afed425eced4cc680f97973a640605,14,0
0xba01430a43496df98956e42aab08eb85ca107bb1,1,1
0xe11e76a30a2e50ac03f7025d9aeeb006245ad8d2,5,4
0x8e4a055a4951990f38b9cba94e9ea07234b32d31,5,4
0x7608d1d580a00000fea6d9757ba96a4712e3b5c5,5,4
0x81de7f84c7eadfd54db830ab4550d047031df0fc,5,4
0x333486dd811aad9945bba325c0b6df9e2748e23d,3,3
0x82bdf52267eae2b708ceaf412b8fc92b15f4398f,5,4
0xca801fce278fb1f1cd1362dedcebbe8e5f8d192e,5,4
0xa436ebc3c7f11dc392d24cd9e9af8a05eb180e96,5,4
0x0c40d4424e601ed476b7ae49a989efcdbe90b15d,7,4
0x89ce123bfa2845849d30f1bfe6d70e40d40b475b,1,1
0xc94a182dd438cb3384aeaf71a289b418f4a0cf2b,5,4
0x9d90258fe22ae5fb6f288ff52651e8a253b5a398,5,4
0xe430de7cb83d807d11f886bf603ec241799dbad2,14,0
0x30390dd007f2940e2739e9e125587c0f6d529ecd,-2,1
0x6460a17dde8642edb22743b9a13a2d49cabefc43,14,0
0x162073d3bd1d3bce47e85ee5b9904887d1ba6e77,14,0
0xcb5055b6c4e9410bce44490aac4b7b22bfa21fe3,14,0
0xa35338638b6c53a80b7b282ca7e195a63b67e992,5,4
0x486191f8c3bb8096b5959c014bf1ac804302c560,5,4
0x94a72f549a1f6bab9a7e3d8627a7d797ce1a6ecf,5,4
0x77b0360318f03bfd0f3b4b5a35e2b77037eae3db,14,0
0x2f4b25793cc3c961287685f298a30034ae176702,5,4
0xfee3ab8f736c734a32a0d3241ec327a5d4289828,5,4
0x309bcec75f7d84be20197fc35a98074321755ada,5,4
0xde852d232d0a6db96d41499687668527ed10b928,-4,1
0x7756102c46bd688a8c7a7bfe382e23f0de594049,5,4
0x5004ba969f7643de6849d1976a7dca6d651c0d62,-2,1
0x139dd34523e3a1ec8d6e8927b1ac441d5270df28,5,4
0xade38ad7cd00c20cdf60afdd679be32f87b7d802,1,1
0x4afbfdacb895a57f0bac51c896cb9be21b19ab41,5,4
0x08ac5e29fc91fa446c9b80bbe3a8d7f2607b3603,5,4
0xb6efc32964e22a92e1ff0dca38d5facfbdebf2fd,5,4
0x1e9dba3bcb2946d6bc645aa99634fbfc3ca59bf5,5,4
0xefaae7dd6a6e2d9db963aa0ad6665dfbe7aa06ac,14,0
0x1be8218be61797e26066bd91968ffd8b745bf851,5,4
0x0dae56ed77edf8ce0ff23ca65826c63bd6bacd6f,5,4
0x4983306b75a4fa85c1808ea2fb33818c846a0727,5,4
0x6df2b9edbb20d5a3be561d3d885be42e90543e3b,5,4
0x6ee83da366d530415d70010628f639c09098b75b,5,4
0xadec19102a7001137243a2dde00e35072a79de88,5,4
0xad7509d9d2c4e74aab14fbbd8a2ce8625ba2291c,14,0
0xe4d3e19092e91c2ff12caa9286c1cdf09a7a3909,5,4
0xc26b5977c42c4fa2dd41750f8658f6bd2b67869c,5,4
0x173ac361f92f8ba8bd42efeb46c1edff36111a07,5,4
0xa1fc03e69e031ae9682b6e1b2c9669a33de39b09,5,4
0xe26134933cecc9cd8d3d6419981241e45b38ed7f,5,4
0x8660f168dc75f8fac8729806d55a884ac9d872aa,5,4
0x913d3e0d8430a97012ce955adbb0bd185360005f,5,4
0xbdb10490c94877e97883458e179659a292214f41,4,3
0x3f18c872a8058e61ab959e2a182189882b4ff9cc,5,4
0xba55bdbf959df826da6c35487eb15fad2164662d,3,3
0xed9921bccf920dcc84ff1007e1098ccfe983c8b6,5,4
0xd24503a41aa9799ecd2f1131c2237e69d2dfa070,-3,1
0x0e297a8e975e4daa101e79bd40824590dcb00955,14,0
0x9f015b246a6bc257b1205c9df1c03db75db518aa,5,4
0x08b722c584992c5f77bdc708ad5c33f472fa6df3,12,0
0x5a39f018c963e4e9b4e0f7a92ab3ebe38c7afe5e,5,4
0x663c37ceb30b0fb602ce31dcb55bdf2c7bbba55e,14,0
0x877daa8f4aa07c176a3f411a6bec0f616a6328a6,10,2
0x4ee4d7a6848fb933ae3ec599dd1b3268aa34dbb2,0,1
0x09006946e70bb95fea200e635755d979f12f76ff,-2,1
0xd473e0da0db00fc37777f1e2e19b3a2c5192b149,5,4
0xc09048e1a2daf93db58306a794575afb1e3ce8b1,-2,1
0x28399cd15292dc7e2ed47a8b122b1da9231c3b40,14,0
0x02e506967f618c099cb5c022dfd55ffe79ac2d8f,5,4
0xedffec98df9aaa8e1fb1c64532b3923893c74329,5,4
0x5d47e03c5dd287cc54b724172fd8ac6c284da8ad,5,4
0xab33d124510aa281f3c18ec795dcd2e31f0fa931,5,4
0xef0872b127a46928d9bdd622033b4b1daa2f727b,5,4
0xa53e815d96c9d669ac5c542f31f5123dd112966f,-4,1
0x28ed993570dc3d155e9e432bc7605b169805ba1f,12,0
0xe84d4d8b422e9bd4ed4b2ef537f82f62182db4f0,14,0
0x1e85d37fbc96a4c628dbb8b77408df0420d6ff11,5,4
0x912e8664959f69e698c296810e50298a4faaa6c4,-7,1
0x37414d36a1e7b432e88b82c97591b41a2a94d5dd,14,0
0x3095c7effd6fc804b95f999df4aab4b475c2cd2e,-4,1
0xd53f048f9609a3cb7eda3ff3a8fd73320d27ed55,5,4
0x74b6daff11a400d5d11b9323aae6f7d3a3fb3881,5,4
0xbb9b16ff5427e0020d46afa0b127b54dac7d316b,-1,1
0x00236feeac26ef92552e3981096350d136084c64,10,2
0x33c0a7610c25d2ac572ec2511f63d9c665f30f7c,5,4
0x99e3e379dce867f8415bf9fc00c3a13fddd1233a,0,1
0x26edf0a09c0a816d620780f0c3424e058597b1e2,10,2
0x4fabde849f3d23fb952ec868df6ae0eb97961207,5,4
0xa046473d601234b7855c8405e3f740114c24cc78,5,4
0x91bf56a84989163ccdb27fb0ad6bed49e02b2141,5,4
0x027cf0fb792ea5e2f946061408281ffff0b11738,5,4
0x5929d94eb4c41d91955154465a58a531ad4cf7b8,-1,1
0xe3d929d4d2ad688c938a5b61d8cb45ee09ff11eb,5,4
0x1ef84a9eb9b628240f076b7ce2f189c7f0a0578c,5,4
0x7840fb864f9ce1ae7d5a2e9725c4d2f0ca8e9af3,0,1
0xa208ee712c1544ce667ec76461a6b51ff41c9733,5,4
0x4b040c7131e187308460925d47a216f89167a2a0,-1,1
0x26823ad506d6ec33739dfc2248dbce740eaa82b0,14,0
0x23a1341d8de99db97ef9bd7a6ec84014d49bf899,5,4
0x9996623cb9ede69562537a08d08d606d8d098b9b,-4,1
0x252d2683a704873bfb47533bb90bcdc57acba4f3,5,4
0xb2eb3bfe04f29d655bd1d285fcdd27d8392d8989,5,4
0xf4dfa2ef8abfcfdb58257cf06b673e282cf30af5,5,4
0xbe77b2129023ac2ffb5d393a81b18cad4431a78b,5,4
0x1349ddf52e01708cba024b488672af0d089562db,5,4
0x3f11e450e931fc7d263d85e7493c731b93c0fc1d,5,4
0xf7e20c9744c062bc1af52fb5f98bf6ac9d803a85,5,4
0xbca1b8a21c7bc881c5235a06cbd6103c026dd127,5,4
0xaca4ab44dcd2ec6982bb5238bf1daf268c159699,5,4
0xa7738c3b832d32b684673e6b255249cd98fdecf6,5,4
0xad78662714cd0042b4c602a8e18d0e4a25cf79d7,5,4
0xbe4780a4eb86d50b10304abe1bcf071251d3a895,5,4
0x31a256e01900f93831361df928eb32f83a6af40e,5,4
0x9297989b23c5fb2a1340c65a8c63b0c46fc721bf,-3,1
0x08d0b4693e28a86c79fe912e96a9a706907b9c40,5,4
0x09b99a222563bb7a4d3632851b8fde21b4e9adb2,5,4
0x2a7a1c05f0c6954a39e3e47d5d6eb057f798e797,5,4
0xa29c54ce6e83370d7fec5f19c15856f9dcced926,5,4
0x3aacc9d745031ea9d4348242f227e35c8dfb434f,5,4
0x90bf8aadcff22779e5cf208f84ef5b7536ae135d,14,0
0x56739a2e05e5ffe191af6538acbc64ae54270c1a,5,4
0xac59ce6436c9dde5963c1d589af4472da620fd61,5,4
0x27b148bb4d1d0639126568d5584bbc0c4ea47176,5,4
0xf9494ea10b3a7b922323907eecc1b5c798b0578b,5,4
0x96c95a8b2f5211bfb8c6a25bdd0feee51ec37ff2,5,4
0x6f1e912efb94658bc35cf358a13faf59ea1e40dd,5,4
0xb8bab93f73781b6f869cc29d30fe566780dd3b4b,-6,1
0xfc461b2d607ef39abc672171d227ff9cb445fd94,14,0
0x6dd2652d1ad60f1f62d27cd237b3573a20d0a997,-4,1
0xf9464ba07f0d41d901daa76fbc2bb151305dbbb8,5,4
0x428efb6bf78bfaf0d67730fad0ac66e3065b400a,5,4
0x954b06c0c0052d176cc896f146971e8b19c1d21a,5,4
0xa1677c14c85d38136e906efd14d09be5d87359f2,5,4
0xc48936a04d5813beaeb8855e28ba6524fd5eb833,8,2
0x8e8f0c3268c99c7f4e44475e2922cdb078e60e24,5,4
0x2908a6402b26e8a03c046f90d10aa0ce50dd23eb,5,4
0xf5670adbd5b50e54e991cc567daf4c2aba4522f8,5,4
0x26ed116fcbfbeb9ab12ad8abe1c4e088192bae30,-6,1
0x364b53ca9be6d623b0b8920f7d97ac1c285c3763,-2,1
0x34cc12932567cc908249cd5725f1991d266d00a4,5,4
0xbfed64c901b1defc57e1d8a0d5d805b7cecad433,5,4
0x17b7db90f9e8acefc9e9f4db81f617534244de7d,5,4
0xc29f7dea7a9bbb85bde83d97233e0dfa336278d5,-3,1
0xbd21f8c35b63500e6ca54eaa96154d7836cc79e5,5,4
0x774bb9306df1cd921eb842b1388c78f75e6ef79f,3,3
0x6abd15c7823dd9bff13093f2fe708ec96d92c423,9,2
0x7ff2aa9cb7ad90315f86782bca736a15aebe2c2d,5,4
0xc87442e4a3e37b236d2588cc9fb414f7bab60fd4,5,4
0xb37e9083d6f73fbe6c8dd17cfa60c1d9c3774cb3,12,0
0x6752f9f843ec3626984d1acc219efd0c95a10061,-6,1
0xab7972ef0628d98400acf83e8b54c2695099d3b2,3,3
0x15bfd0482b0309a4b1a83944ef5362741d29f245,5,4
0x1fefe869a02f427ee33dace7ed5c8a7054371efd,5,4
0x7d9387a2209ab2a92bf02a3762b156d85815b689,5,4
0x1d7d094f8084c32f60ce16b420830459fbe48e5c,5,4
0x793c047627699f5f540bc63b5327b7918f4b2721,-1,1
0x181d9b339a91df7659d7dda42b3b58b9a28c8f06,5,4
0xdb432d0aa38ddd4ecc0d9e2b41433a284ba1d14b,5,4
0xd3754b41e8e1e5a63c2123027ef4af03855f880c,5,4
0x98caa9e7415907bf66aa87124536f4782f9af838,5,4
0x9385b647497b8ce39f15663bd0805f87028bfb0e,-2,1
0xfb69ad7239a530b80aeb2908eb8fe0f52ac8999a,-5,1
0xc08b122fb1057149f55d49d3d5cea0d083b37ffb,0,1
0xc03e7defce88a6b8676125d4b6523094d0092a48,5,4
0x70ef8f3d29e0d9cf420c2041ca1e90cf8cbb6434,14,0
0x78679c3e6ed49ba582a46f1778f4f28c2734c53c,5,4
0x1d38d803643618e6ade977c41bbe63a08ac0abce,5,4
0xa6385c7c50e4b347e47ced437f31fe9e91309065,5,4
0xd199a56058bc7edea98146ffeac523ebf1bac4eb,14,0
0xd8b2a759690d5068efed3d6088bd07b54168ab08,-4,1
0xfcfcac50ece09f67ee2fc4de141d39d78d7de4e5,5,4
0x0e108212906b6ea8800493a874a6e75287c646c6,5,4
0x8d1c411192c495249a912eb53aa52de0f27b50f8,5,4
0x203a0d4b49661ea8348c602709addd265a4ceb3f,3,3
0xdd915fecf62a532766a7bef963347b8ac2aa016e,14,0
0xe27b555cd114eae68df02a1fe3f2be86544fa0ff,5,4
0x196d10f063fa7e512b047cc747484cce1e899b25,5,4
0xbdfff91dfa551c8429398d9ca9349e2edf29fdcf,5,4
0x50b42514389f25e1f471c8f03f6f5954df0204b0,14,0
0x92a0b2c089733bef43ac367d2ce7783526aea590,5,4
0xc47ccff1cb7b27ef21c4bd40b544741a8e951874,5,4
0x6438aa3aed10604165bc6f4f7a480486a8e1f2f0,5,4
0x9027e1348acb5d1967a272b09332d3f7321c78ae,5,4
0xaaf9f14f20145ad50db369e52b2793bfeb18a45b,-7,1
0x5ed29a67e1b32b16ff7dcb8d19a65e30bd50c43d,5,4
0x7a6cbd7a4562021fbdc0ac328c6c572fd703087a,5,4
0xb1a446ec634f6c81f2ddcf6cf2759963a1f4fd78,5,4
0xb1ec364fd40788ecba9e93ac8bea51a1d1d1ecb9,14,0
0x5a11a6e3c2bf3d3d8201576f683ea95b60fa51aa,-6,1
0x6fb088f6302200ed38abbc4a176ec446200670ea,5,4
0xa9c0bc94b7685681a9735ce5d85f9f2a14b02e09,5,4
0x4ce118491a3c6bd04df682d059e595b1667b736a,5,4
0x72691aa5a38c83e7ba6c92a1a5fe0128a971d403,5,4
0xeffcbe1768341a773d65b26ea804cd1b0aac1e3a,1,1
0x812a37a99d5462d739bbc9f566b619835b92cd14,-6,1
0x89c77741e7f03f17925f49c5c081d34719caa7a2,5,4
0x74d4a569ce998b0e7a3ec3590a898ba3887a452e,5,4
0x138953972e3e09ddac1e3da5705db6c00e00a8c8,3,3
0x03e5637c67b82af9b204187c5e89c4bfff5270e3,-5,1
0x2d478624cbd42f5d723904d624406350aa0954fb,5,4
0xd64cdf9b7101bf61292110579974589176d26846,4,3
0xabf76a13c5d6e388c3eb6c04930013695f574d10,-1,1
0x019b3155fa1db977fe9072f7dd9eeacfa85675f7,5,4
0x2605fbb98e0d6d2cb4390122110668e9784bb14c,5,4
0xa20188398aff135e5332bf36338e3f71af72597c,14,0
0x51463edc6e450ff5d64735598aa891cd4bf8266e,5,4
0x0fb80c396dcbef832410f60b2eaea63cb2e73d58,-4,1
0x30fb1e26a6adbaaa5537993fd3ea680a2daa9d82,5,4
0x6272486a1dd3c546a585da75ca8c991537be3859,5,4
0xcf50881aa64fb14969a8572a63a2c8e598c2c800,14,0
0xae9db1ff69cfca2720ff2e5d81807d7383138a39,5,4
0x21aa30c357d4102372be8f32f7a3104c853bbe22,12,0
0x1778495fa4ff98933cdc71e2df6cb9e0e0c53833,5,4
0x939d65c9b31b7d3de6bc93a473829a9268706dfd,5,4
0xc457de077ed0d9ecd672b7cb7558277f3161800c,14,0
0xe46fc857ef5f7cfb96d4df0f2acad8e923015dc5,5,4
0xe5881f125ceb9015edab3e718225c82770570422,5,4
0xe1b23ec3e019428400c012983ab1e776776396a7,0,1
0xccb255d39ceb40635f445bb89f3f1bc9f8926e6b,14,0
0x98dee387ee185f64eac0b2e8c17efb299a1c4b99,5,4
0x85cd9e9cc5d6f4616f89d69441387afb346a0270,5,4
0x8472d0125853de5e8447148d05798e7457ccc360,5,4
0x83c61fa6981cd0781d67a084c170dde124d32280,-1,1
0x6d39bee86a71efb728648ffde9c8992fbc09a627,12,0
0xb30c17cd3654d7ee22769cff3df14f6164536248,5,4
0x7dcb4f75ff612cf94e0b918160cbe55be1c7b97d,0,1
0x3d33c76a3de44d9f03b9966499b8003fbd3949cf,5,4
0x524fff80261b701db54ad99014d50844ea53a3e1,5,4
0x22ba6d4542b0ad6024cd3a62beeddb4630526ff8,5,4
0x6a9a0eaa1b04feab788dc2b4803460cecd44e687,-6,1
0xfe942d19b6c8a61785dc1f93d4950125e30f5af3,0,1
0x420101448c5c6e2b22f1c02ca915e5391182456d,14,0
0x1c5eaaf8386aea13ad82df0dbb293757d384a1f2,14,0
0x2aeb9b77df22ef55a2c3d0f164c2eef0f031ba72,5,4
0x50d27ee8ffcfa5ba3e6148db1e6d09ca8d99a241,5,4
0xd858901076e9e885dddcb523322b61cdefec5a82,5,4
0xc6ffbb13f95faa6cbec3329a1e028b1157e94830,14,0
0xf3b395b8d37155122c11c9ad15bdc2a4a93c997e,5,4
0x41b18c57a4b6fb0e1885fc936b16b1b253ef6767,5,4
0x0f25fadf4ccbf60b10d8ea9c45da139a5c9ea3ba,-4,1
0x78a475c631b8683b55c58202e9a84934c35e13db,5,4
0xcb2f96cf19e3614394e0d0dd1aa76d552fe9ab54,5,4
0xab6b930d9174c13eea229b7a64a09ee5737fe554,5,4
0xda9963468fc3d374854d36d5b3f3a0f568e48a81,-2,1
0x022bad823a9492d76e87e1fc6ecbf8524b326228,5,4
0x408a278064db2e1fa3973d3f5bfd1e1189f284d9,5,4
0x907470d373b4e2b29a8d6dff25d2c4a244d0a25c,14,0
0xf1d7ea19c8500e317c94afb12788657a90715f99,5,4
0x73fdf036596903d06e9a70dc1a2fb287689d84de,5,4
0x0c281db41563d6e612de05a4d83bfc4a821693aa,5,4
0xbe1e23022dfb561309e70a8c8ea9f4f817f16c54,-6,1
0x120a760002e04dcfa75041d858b701a9cc4c5464,5,4
0xe056f9184590f28795db4eb61484d70301a1a5c9,-2,1
0xc6f984874b91b4c73c231d921dc851148eee7bee,5,4
0xbf7701fc6225d5a17815438a8941d21ebc5d059d,5,4
0x0db1ba0d4bd1893e0ea310e8828139cca110480d,5,4
0xe6c85efef51a01d4fc0f9c8616081a89f8bf5da7,5,4
0x76ac71b48f3f44c3fa23cf68a7c07a0319129a5c,-5,1
0xe556d1d86bfa7fb827b0d0e4ddaaa76817cd86fc,5,4
0x438a371306beed8690929270dddae2b6d02c3f51,10,2
0x3b7e74f3b3298224e56d29220151b9d172ff70da,5,4
0x68e85622938cdd36079343b46641a6086d5770fc,5,4
0x334f12afb7d8740868be04719639616533075234,5,4
0x84958a8c8f68c4ea29011fb9a6bd920aafb56dd7,0,1
0x91c77c0b92a7d54be7b3c4f48d95b687cfedbf78,3,3
0x9d97621a2579d1dc6809906142ab0bd34db02256,14,0
0xdfc74c0ca8a6ee4d0646e6f93f3bd9a3b6542836,0,1
0x7373348381e33c3f12a2c10dd51b09b22ea099d0,5,4
0xce424fc74e065f549505d8f9a17f370124ba5e1b,5,4
0x20331f0c7f87f8d93873894014244d3af89b464c,5,4
0x58cb09a228f5f0a1cc8c9a9f8ee617e563a7f32f,5,4
0xfd350eed68b159365f34f8ad2591cbc378dbbadd,5,4
0xc2baa863fb908f9b870fefd5decdaa33d89d1702,5,4
0x4280aca42aff66bc0de9e6cfda722cf27d258e3c,12,0
0x0cfcd0f44148c2eba66031f72912263aea20faf7,5,4
0x6de73745423e4dce71f2e0ff8ac947d2312d4965,5,4
0x275a43d4b653b1879c8764da13f0fc978aa99a28,5,4
0x7c89b7f7a8c2619600938ac56ae745c5ae524212,5,4
0x5032ab646116dd55d40e8023664debf5e946c1b4,5,4
0x9ede0d6e4578a04fe63064a6ece7e334984ad2c9,5,4
0xc3825c548a56888718ce8259f7d0344cf8e0f8e1,5,4
0x5378c6c449ab717840e0463c2cd13f943a05d8bb,-4,1
0x795ea6a6c7cca76c8b93d36c8001127cb4651b9b,5,4
0x149238a106281e6d7318a37bce7668d1c79e9f5c,5,4
0xbe1e971b69b248fc247525765b34582dc068f11b,5,4
0xe79c46ce1d483932a5f5e2f73b782e5507ee700c,-4,1
0xdd9bd62d1c08210fdda6f841ed5196b45a939625,-2,1
0x99b95c60b2d68db15dffb11a71076a31ccaf1487,-6,1
0x6429f8a4226bb9cfd009a9da5d37b48b02925b78,5,4
0x08188469425f630f8843b5bb1119665f5a50ef12,5,4
0x6bf8b173cc585e49dd3220d6968100fac9812662,14,0
0x707b8f3075521ee750c25ac3ba9a0b9b85e370c4,5,4
0x6a20ca6e28d8401f5883b3c7dc48b1e81aaedf30,5,4
0xce3e7a4af505e7b57b49abc9df8d30d3032fa6ee,5,4
0xc51f14676b528ee70756377437a4bc5cfbccad9e,5,4
0x1dc764e6d9a5a858837d19509b8e58cd6432eeb5,5,4
0x29d582b7c2d27c9e2680b665ed5cf363ad95607c,5,4
0x14234a3ecd42fa9913d8319d1e0da91f5adbd30a,5,4
0xa5e4b451d0a3c3d05fc3a8076fda45952b8f4f83,5,4
0xf694573039f0cbdabfc5767d964db5940694c865,5,4
0xd52fa4fd14e161a38395f212db8a4130331e566e,-4,1
0x4495e38277d67c3e898b09a4555bc3a02817e28f,5,4
0x8645baa301479483eb3fb049ef53f442b4383a21,14,0
0xeab9cf1d356ef6a4e54379f039321b9bc4fd209b,5,4
0x9ae28c1b89166332aa8177e91a3e0e78069b06ed,5,4
0x8ce7bde04362df07fcb0f2517810c60c5fb7469a,5,4
0x65bec55dc3bd19eed66de7f4742ae0340be6d1a4,-2,1
0x0ac8bec74ee702d036d8f5c12ff8cb935a9bb1bb,5,4
0x1f0609168f8c955e914d89a19ffbb2859aee6d90,14,0
0x007c32b21c96fbf91ef98cc8696ce05ed1a94820,5,4
0x74a43a29fecd57880597d36a3caa481e7ab81082,-4,1
0x3e605e8ebd2535a8f8939b82133e5c55dda49956,5,4
0x79b96e171e84d248e1a4315c33da3d475a41b5fa,5,4
0xabca0befec85f88690e48b74f4b8f6faeccd0faa,5,4
0x6ad491d47eeb64f0f166070aaae60e377d129d0b,5,4
0xbf2be2410a02eaacb81d979c48c4200434e015bd,-6,1
0xcf41af0e91fdc09a2adf391e2f9d44b0eee1ee7e,3,3
0x6780ac060fdcba20ae02a6197c84bdc70cf8716b,1,1
0xb7e91ff14b6e0bd8e398efc3338ce1058c529365,5,4
0x081c5779defc7c73f94739d66e7694bf7f6e195b,5,4
0x8a1bca617f34cf10b8c08b765cac7922db5da8eb,14,0
0x260c25f991171850f4c589eb9d8af11568d20c30,5,4
0x42c14b37433d8b2fde84bcf1e43ee0af547cc7be,5,4
0xb2d095646123453bb8fb7db6090f99d990d1cfda,5,4
0x4f4d04b69a898ff80ef5ab2ab31166fa5b5b65a6,5,4
0x1a15ee0cf51aa63ca9898bd02829a5edd0399d72,5,4
0xd15de04ce8b9aaf28f8932ec7b4b08569d12cb54,12,0
0x10c20ce9bee65200396664b55de01e1974f79920,5,4
0x4c4773aeb55f201c82e42bbcab82e6e0a8aeb84d,5,4
0xafe0a7f695023c9253de18f99fdc03a5bed67605,-7,1
0x62233508518e30b9b77521b1bc57107b7fd117a2,5,4
0x4df37a8c31e6959470a484377eee7d3e3f8dcbef,5,4
0x8d60f77af30b0106681d7ebfee1dbcc17acbd237,5,4
0xb44e4327d9b100a0c6b6786c5e6907bb6e2c386a,14,0
0xc1b3a919cd84eb29717a641a86926c3184b0a1af,-4,1
0xa02f1bd5e875cfd47e4cbe6084f9ee8734724932,14,0
0x6ed4ffa5362ae82569cdedf01e0212f9982262cf,14,0
0x9236c6859905921015603d420c3ec28289ebb9dc,5,4
0x19e3e186313dd5169329acfbd1291498df5ae44d,5,4
0x7b88c27600cd673aeb8d63e7c66e8afb2de61941,5,4
0x0bb2df7d7ac0fb6573e34ffa3bd3dfab8426ec94,5,4
0xa612036c88c8ac5ad0495d80f23b3aba52c59e75,5,4
0x7d77995235d2447bd298df5f895b085dba29220e,5,4
0x8a50ab0b8da26fe42c7b67867c00c7eeff78972c,-2,1
0x55e3da6c15cd9fb55c05a3718d1340cb8182f8c9,-4,1
0xf314a3d66e5d2a92b4a48b374e80aa2c6cd746d9,5,4
0xd279a6f1b75e2079e9f2116816be7a0c90b16460,5,4
0xe45598116b649a157d3c6b6c1b9e435f6a0a52fe,5,4
0xbb10eb81840ac5f2e5fa9986da63e97eeb8c8b1c,5,4
0x649b240a19b5c029b4998b4ea8d88514c59bbcf8,-4,1
0xda5d8ddb671ccc7523e1afb86abb9b46034ee583,5,4
0xc4d58b78a0088793237e7f52e106cd9b34798d2e,-6,1
0xc6ef7fe12d6728e358b905661a043fd140307995,5,4
0xea045e02e5bdb0596676cfae296f43816744f6fd,5,4
0x506d19d2e23f35b16e4ce02bccba5c40a6e0185c,-2,1
0x05a0e6375f98116844a282c04da872c6d8023fe4,12,0
0x3f3982600b9b27539d01598f7d25d03e60ba73f5,-1,1
0xa0063128c0169361dfd9b30296e206465a64681c,5,4
0x1991f978ed6a79a68c80be4a4de2728914a482b1,5,4
0x458d1de16d0facae61e8231f8d021b6412063fb1,5,4
0xfd4f00eb24bebc3f351b3f876c1b799d3912b77c,5,4
0xf6b257ee506d4c2bafaff2096eb483d556093576,5,4
0x063db75af287119f5da0050c923650f9319f886f,12,0
0x6dc2bb6a21f94ddcbe40d41bcd9fdc8d3e29192b,-3,1
0x353567c23fcc251eb8be96eb6580fcf2e7bdebac,5,4
0xc896444302b8c75fc2c447879b3ed3f19350501d,5,4
0xa6ed35d1c38be48ea681426f4c513711c0d88f79,12,0
0x8abc5a676b7741132eea160fad51b5c9009678fd,5,4
0x436791cf752222d1ec3991ed9e70f3e450c44e2a,5,4
0x2dbb7eaf854059c9fc0484b96d6f2567dc5f3e15,14,0
0x59ac747c9b5e7c575d64ba0275f98dad03dd472b,-4,1
0xf2a39b2037e3ef9ca0c71ae8d9d56de0d2b2b622,-6,1
0xb1594fbac365bc406706ec8c423009872f81c271,-2,1
0x1c1700b0de3850aba5acfd38c3446b9b054e0715,5,4
0x511534e6ae381040e6be9e1839a94f76b35250a8,5,4
0x447a24d43e2a06dab0528b550b5c088559fe10a2,5,4
0x80a4a302b2eb08903ab94c3b73cfacc9cf758eb8,5,4
0x92e8ced596cf58a9f38140c28f8f0648b1c6a98f,5,4
0xc65d9d875cad07ca8c6bb7d0ff1e148d5a16af0a,5,4
0x1c80992e6e45323dedcbca3d1cec0d69619dce3f,5,4
0x78503f8f879e069991982de908bd066677e75e59,-1,1
0xad71881bac84be4f7e7ef875d496b9670fb2759f,5,4
0x77aad73905e72523b905a5bdcbca53880ec93545,-4,1
0x98748cce8f004d1c2823f3cfd3b898106a453da8,0,1
0x5ba5fcf1d81d4ce036bba16b36ba71577aa6ef89,5,4
0x45efe04b8cbba6eee45d3db3ce01f3c96d2ff1ff,5,4
0x246e3d4092fc0f13d3ee7fa1547df6fadfcae8c6,5,4
0x5effedcdeb3171c803de8fa462719456671fd5b2,5,4
0xa45df96f76fd207bd004e1aeb5ed50f91f9e3ceb,5,4
0xcd3dc854b2623db5bbccdb486433dc50b43a86c7,5,4
0x122128796159f670587c7126b0053ce46eb8d1e2,5,4
0xb01e34a8437ea430dd250202e84e41c9de85ac94,5,4
0xfd49e7e5e24e72fd178d80986634c744d6b386dd,14,0
0x50fc9731dace42caa45d166bff404bbb7464bf21,-6,1
0x2e71085267007d038273598a3d5339c9ed33d844,14,0
0x34c7ee56a0f5d014bf5b244e1a4144a519ccaa80,3,3
0x2582a712c2c2e9fbd9f5b081be4b4f699d2489b5,5,4
0x2e4dcd1dbd9586d8af850d486046a03784064a28,5,4
0x87fbd42df33ca8385ae30315b4b3c3ab5b73f51c,5,4
0xdc1dc24d627d0356374e17e86b931c8d68f252dc,5,4
0xd694ccdf8520d49368e95d37ba548764ac1a49fa,5,4
0x82e6ad990491af85fc512c062498b506ca1ca3d5,5,4
0x9f89c78713788d0ef760239d60b4233528e80637,14,0
0xe4c6335c1d1a29234c6ad2e6115d3f5c49a0912b,5,4
0xd2efc11f03f14689ee44f4e15c8c195a7550c6c5,-4,1
0xe4fd9e72c424c0e6f641b8fa1954c1e6be0c74bd,14,0
0x304a023cdff766f43e779f7e50cd2f0994d79fb4,5,4
0x4ee42640cf2a728f4c0412fc42e222d947de4d95,14,0
0x4b7dbc51bb2dede996c1c64c9aa25b7ecbe989d1,5,4
0x1ee05a23f595f3ea89a5ac387f2e58e797c984b6,5,4
0x4850742279bcb54136e7a8ce782f4ccaded109c1,1,1
0x821d07d28bb2355cc24742b382eaa1fcd8df93f1,5,4
0x2a059254f6e7040682cd325aa440492d0438a852,5,4
0x059793939effe3cd98edaffad580abc181b1a96b,3,3
0xf52a01ba9a57a54f50bcd5ffc1924d897e47bc15,-3,1
0x90b3efc282a3d65b6137bfb95ec2e0831338fc91,14,0
0x0b9a581f86322f6239a8505f030e5571942dd0f2,5,4
0x16514f2a747e893f00c9f51c46e9545ce55a922f,-1,1
0x6e97eaee7bd2392b4fa22a7f1279a031a318286d,5,4
0x4c21953b59e6ac5cf4b74d4a6f08f0a7de7384c3,5,4
0xc8b7db18f13b8941653c68afcb1772eabf58dbc3,14,0
0x4b5b4d7309ecbba89bddf18ea46a0c61a9dc4d0e,5,4
0x28d2ac96143c09ec2711b94d9945dd17c634e479,14,0
0xdd726943f75deeca36518205e9704b5604290df4,5,4
0x5ee8c90550df9dabec13dec1c2bd44cc2632c1ad,5,4
0x643430283b19fa5bd70a1138b495c2b43523cdd5,5,4
0xcb23fccfdb3281cc4f293693f0d0f3809629490a,5,4
0x787d19e463494f9916e60d958fd2cdac88da5a70,14,0
0x4bdb5d488014bb77d77d0e54ff4dd2d19a6dfdb0,5,4
0x03894d4ac41dd6c4c2f524ed4417c90fa46972c6,5,4
0x2a6042321e71abfaa6491db43afa73692840e62d,5,4
0x02bee0a17903cc1f2f48b4514ec23aae547fe4a3,5,4
0x3388bd8f9908c8584a46cc95f92138046555ba7a,5,4
0xf3b30b617a64eda65f08baf4f7e65b0e54385794,5,4
0xed9cc14b3f68d15d9ced7f53f008dfd1aa9e9489,5,4
0x2e67869829c734ac13723a138a952f7a8b56e774,2,3
0xb9b0ed27ff50a6eba7ea435ed2f73f6708b2ebc7,5,4
0x13834c49136b30c6f5056b40fe278426cfcf34cf,5,4
0xfb2c3a110a3fddf3cc75a3de99d6ce5808333b0c,5,4
0x8c62025555da081e0e691197053c2ec959dec83b,5,4
0x0335dc30a4c096c8e617435337bcd15271be8077,14,0
0xd33edc7fc31316ac66076fabac02939ab10d03ad,5,4
0xa59df06057a07d6c10e1f60f7a7fc11d906123b1,5,4
0x42cf68bdbde99a331fbbbce61be3bb6a2b9322b4,-2,1
0x5f642fc4d572da0edd98bdbb32b38ea36fb2c2d0,-2,1
0xd68b014618f9d556c7563d7339893b7ce2283fce,-6,1
0x74ac34aff46b326921e2f61a5cef4daff9f06f57,5,4
0x15e1690f4d5dbe4790a3d093af1397d6879f2123,5,4
0x9258bf432db17ed615bdf2dd185c278497875089,3,3
0xc130feb980ea55adefdb36146cec8c3a366474a4,5,4
0xae6c0b005137278123c360e1cfafef3e9aeaba33,5,4
0xc2b9333683b5e95eb0ae880341d8722756ee815d,-1,1
0x87e804c7a24d91c1ed30541a4b4d4247cb89c73c,5,4
0xe843f6d87fba170e170e0178b97cfcd67f7b8da0,5,4
0xf34b1bf36728dbee1ab4737134a6133680eaaa08,2,3
0xefdbf35a27ab442ebed903ff9224ff4020872265,5,4
0xe04a385c8cd2ccb2d5eada8abc75fd427f533c78,5,4
0x603a641bbaf1ec5aa9dda464295a4c8d0963ba6d,5,4
0xe3bb39735b86ae0fb49373dec83dc5c84511a5f1,5,4
0x81aabb9abc31e6c0ec5fd30ee790a9f0e3089fe6,5,4
0x62d1403f2dd839798647ee8ed87573260c1e9602,5,4
0xb68655f6c91ba7535d7635b7f99ffe84c415750a,5,4
0x57180b6ea4b337461c609420ac2d0f31b95e8e74,5,4
0x694c374cb7068f878a68204facec2fe4725db702,5,4
0xd0177a8d356a757cb65e64222bd41132fc6ee571,5,4
0x83835a4dd0de7a1007f553143dea9deb7d6a3f10,5,4
0x9dc3e0fc228c2455773e70ee9e987ae2a6fbc07d,5,4
0x6653e49cc2334e8af3f1d333725026db1b47cfdf,5,4
0xe2c03c0659b7384ec6b077030e9ad422d0c95569,5,4
0x1ad918a7c99615174db8df63afaf0e7dad7bd969,5,4
0x9d1bd0429196d8bd796fe53b85d68dbee1c519af,5,4
0xf1b2b771a04d40522b463d55250c40d95b9e2648,-1,1
0xf70217ab5f4be94a0c499984e40c898b4653f201,14,0
0xbfd966ff3bc249b87b2b0f1a5245106855b40bb9,14,0
0xd43eff3b465b4db23268bfcfb762b554ebba9ad7,5,4
0xf0e6a444986febbc1e2d5f168931c6c0623e4767,5,4
0x33b5b83305b3aff1fadb8f1ef5598652a14a97ab,1,1
0xd31a84c20bc430ad75e6a1903e7ddbee52211072,12,0
0x5803be15fe493c73f03efe5ecaf0cf11d8f6dc14,5,4
0x5f032963196ee156b0d39e4395780847dcdf2160,7,4
0xd702cce512cfc194d6a265aa654d5956d54a089b,5,4
0x3483ac34e9f49a65a7460cebe93b3a0e5a94fafb,5,4
0x51bc3dd10a9ee4946f961038cf5d50057e49eb77,5,4
0x9ca20b5224796acee77c0a32045836ae4bb40563,5,4
0x65ac16cd214411c3185e0372488cb8fd12de8395,5,4
0xa8e71f3ebff8887c0dd0aba25a32fec55f53ec71,5,4
0x7b0a7e6845ebd3460c63641f3ba19394227cba2c,5,4
0x19364446422d7cb4e61e971f6dc93bb28c63570c,5,4
0x8570611f14f2d6faf54b6472481a6589206c860f,5,4
0x2be7fbb170954e7aac40634c437369cc27a39c56,5,4
0x8aeee65e14a78bb2a64a26728242866ca464e861,5,4
0x35e7b9430d1460d9f904cd2c21250bd9790c6439,5,4
0xd69f990f8d854fb655a270cb0321d12b74b8cff0,5,4
0x9da101b03812e4e92744d90e9e3183996d4a4e20,5,4
0x2541f8cd22e522b970befe9388637e50bad7b2e6,14,0
0x4a697e80242f2d56a1ae4c5fa0ebd1817e950038,5,4
0x8b7940bc79ffa81f0153b9f0800c0e437be08fdb,-5,1
0x4a21eb8d4693439ff843168db4c1de2efe201449,5,4
0x651fc3fe5b3ec491d9ad4d7fbe360afbeb388e09,5,4
0x2245c733dd052343b60f44130a25c9f574a696d4,5,4
0x5b4a8115fd59e9e59b68e6cba68d995bdf2efa27,5,4
0xb457791541a68884e77d4b3079860571a978fb67,5,4
0x02a250b4f8479ae742415307a23bc9440e67f737,3,3
0xf32dd754e8ad52e4341038f54ce5fd452ac8e08d,5,4
0x277a632432c3e026d5753694f42c8b1590ccc744,5,4
0xa7982aa03e83a33aebcec935c910d48da3c83e7f,-4,1
0xf70217ab5f4be94a0c499984e40c898b4653f201,14,0
0xc66e9811a08989fac752ef5ac388ec9ed73cfcd5,3,3
0x0740a494f281aa5bf43b5cda6d99f913e0e8b550,-3,1
0x7d658841f8ba93299970f6e765c2ce205f1e70dd,5,4
0x0ec1bd56351f1964536150ddee5dffc71e8fc7f2,10,2
0xcc261a15c43b1d6b952d6ce328f3e392fd892bda,-6,1
0xe4039387b9b48cc94f4c50e6ab7e175e13b86b18,5,4
0xe1009b65e306625713ce113b9b10ca7096b8e555,-4,1
0x52231a5f78bee272d0177f61c3171a1d00b099c7,5,4
0xfb8718f6973f07afcf9b79dcccaee819c7b66fd8,5,4
0x5c681d27226d8346757442cdc3547977707bf767,5,4
0x37c8f05954b98080046fbf87b1c0583832dd1d02,5,4
0x3c653e5c39f5ddb8de7368b2f42e1ace476ac9d2,5,4
0x1b6eed8f16a4f3e84c91e058be7c10c4585014b8,5,4
0xdac244e82ff83d43c18821d572345371007aee08,12,0
0xd8d4ac4b27e2580810a867a9416fe6f550e37e7c,14,0
0xa254648a6899aaa61720549b00416268ec365f10,5,4
0xca7fe8f1dbaaff6dd7eedbebbd9c988988b3ce1c,5,4
0x554a2e67f8efda1b8e849d1839702d8d51644ac5,5,4
0xa48efbfa858b1e8834a01a46e5701665ed09f7a9,5,4
0x2ed0b06eec4d59f45e9e265b29d19f79cd1265b4,5,4
0x640164960aa1fe699d8b23f89c3d40504e2d8652,5,4
0x2277e7f63c393c774e6c9aa45aa8b29a93d42e42,10,2
0xc149701eb565de8f94b9b7ef35e7017029cf1cb7,5,4
0x7281adcaaa8590fffbec5132766eb471ae32f288,5,4
0x338d6068db894a01c52626b59cbfdb158ffc9db8,3,3
0xfe3fd57379b65ba4b0fe1e481e07e969153acae1,11,2
0x3c09b82904fb4fa7945a67cb9f8737a00a3792d9,5,4
0xc8eb3b7ae0e706028c41e5d22c382233a76bb256,5,4
0xed67339826b8b1a45130f2043889cdee517cffe6,-3,1
0xf7c751457363e84f5fda68e527b318468f334cec,3,3
0x04ba9fa0fd59bcbdb84611a37a33b11a532c53e2,5,4
0xd72443253b4fa91e156ac08d56e004fd811dc51f,3,3
0x582a2f8d6190a2d1fccf19e9da83ccd9893fbfd0,5,4
0x1efe0ac271944a43aa0975629dbb49546d9b1cfb,5,4
0xa44cc003a47bd629923f03a5ae870f49e944f4a3,5,4
0x9194e7621d724c0a6912f90fc0f7f88df63f732e,-1,1
0x0badfd275f5654fa0d68a671dbb4da915f719fd8,5,4
0xd9e5cdbbaf431977786c48f8b912cb1f9ca66564,5,4
0x5f04d0995637eb4cab08eed8f5e5a3be75f771b2,5,4
0x4236cad967f018f4d87fd9c9aa0fb56e4f6fe9c2,5,4
0xf2a3186f55af283925dfd7457bcc689b0aa61f09,5,4
0xd189954d29e245d6bc29331d302de0e6585df70c,14,0
0xace4631349d1ecc4c5ef987cdb7e1f7407e488b5,5,4
0xe00fa00b0a90670c4e27f5170ca4ffd040f2fb37,5,4
0x1e365a4d0e0078fd27c7daf7891c5979374a6c1e,5,4
0x239e292161f5e6acaafc92c94af847461d4b55ad,5,4
0x373d4ad03d0ce6a66cd905e9b7e90ededbc939ba,5,4
0x56ff73b9e13b1f3f61ffccdd2b92f419aeb97f87,5,4
0x1e6f7a1a3cac8b413a020407b325fe3119c31755,14,0
0xb9fcd6df92e61948d5b886baee85537555212c7a,12,0
0xdef489c9677acbc1a9aa55b5614d831a7af3c293,5,4
0xd2fe46192fcb8dd3ed715da2b37f511cde261ffe,-2,1
0xc15be96bf2d12444510c350b3a97c7d0c27d8f1b,5,4
0x91f2f146ecd33e8313920693a1bd2e439fd174d3,5,4
0x3e0130871c8efcb93f0ece37d62c6e51acbd34ae,5,4
0x4a07a7c6fe412d14134dce2bb738b32757b968fe,9,2
0x67dc1dc21b00f9cd7e8035aebd4ac1973ed23790,-1,1
0x26734414cd2df8f270b4364d57fc86bd97d3e75a,-4,1
0xe47b4abf622bd380c346673d973371d93bbab3b3,5,4
0xc13e09858937c9a7bc34b81f1d50f62139b8fbbc,14,0
0x99a4b8f170f434e706cdc87e094da1129b2627d5,-2,1
0xdaeb0befaa706c92fbd6897faa4cbb2e76e0f3b8,12,0
0x3e41f86bd52a3384c37e52145939b1ed65f24c75,-1,1
0xacca7750ac04d5a42422fe41410fb20987d1c077,5,4
0x2f0bb65cc5faed6c636da1b4b714cd1b42af2dc7,5,4
0x4ec6134e814c8f100e178524667424700758f83c,5,4
0xacaa6bc9484f2c3340f2a7197fe8b20607996df9,5,4
0x134a8cf663a8ca0efbe0d2a24c4915216d5a3a68,5,4
0x31cd1837cb95e0de42271509685363693fccaf4b,5,4
0x7082385600975627711ceeb6d3e4cc4385022eb6,5,4
0x22b909896bc8d18851a0ff24f93ca3010c63d2f2,5,4
0x53522e030d254b66f69416f7518c363b4a81c069,5,4
0xcb53cd7464c4976c860cbd689257ca05678211e2,-1,1
0xbf7cd064f11f65e0d05596543ff63ec979102176,5,4
0xa148e8614852587a09d45176b66e69758e7287ad,5,4
0xaf1c3dd013a2bb674d5d84ee367911d2627fc464,5,4
0x3facc57a02d4859d043e623bc55c0929d2bbc797,14,0
0x156362ed8dad31f9226350fa747f6eea9fdd0cd8,5,4
0xe01109e6117a556d45b7443390adcd6c9d931fc0,-6,1
0x3a7c5ece6285f15ef09d6da3815dc45ba2a7e359,5,4
0x946689c2987e0c6f2b9c402924d8e5c3ccb151e6,-4,1
0x51e49ce1f4ace38ac815cfe2cef14397cd9932fb,12,0
0x2a5ce6d50ac6f3b13571dd49175ad5acb4697346,5,4
0x0d90dff345f86193aa59aeb8dc78a6aa0d625ed9,5,4
0xdff868e733e74f5dc0ae49288a0e26dec2b51aca,5,4
0xfd6dd5ad43c8869c87bac3483e8c17a466fcfac7,14,0
0x20733f4cecd4315eaf30a38debde9ba5f709c36d,5,4
0x037bbf9f512e15b649e9ee6d566cbee139c995cf,5,4
0x1a26c46e68d5d5515e63c8351a12826e2d53055b,-6,1
0x7323c32d0e3833ab63c7ce6a1580027347ed9a62,5,4
0x9472d54251641dfe19d823935e9b3852c72673cb,5,4
0x82eddba52040a94758ab8365ae41ed09ef767e30,5,4
0x55c3f34c992cbac8d966609773fbc441dddd9c45,5,4
0x59070f02fa3693bb7af1a41e80cc0ae3f1509e4b,5,4
0x250276b35d3379f29ae3636ad5c39f5c44901e2c,0,1
0xd4d84a1fa84d509cfd8bce12e962504a6ee804ac,5,4
0x0424e057c2d0bc7e58c75975aaf38bf1e598cd49,3,3
0xec89639d883a9ff2086c6deb0d766064b5bbea03,12,0
0xbc89db600d76eda6e024513abcb8d9e125781c8b,-4,1
